agency_full,population,Percent_Change,YTD_Range,Last Updated
"Jefferson Parish, Louisiana",321980,0.00%,Jan - Oct 2025,2025-12-16 15:08:46 EST
"Montgomery County, Maryland",896963,0.00%,Jan - Oct 2025,2025-12-16 15:08:46 EST
"East Baton Rouge Parish, Louisiana",197853,-52.94%,Jan - Oct 2025,2025-12-16 15:08:46 EST
"Greenville County, South Carolina",379428,-11.11%,Jan - Oct 2025,2025-12-16 15:08:46 EST
"Mesa, Arizona",515848,33.33%,Jan - Oct 2025,2025-12-16 15:08:46 EST
"Portsmouth, Virginia",96649,-51.61%,Jan - Oct 2025,2025-12-16 15:08:46 EST
"Tacoma, Washington",222828,-21.05%,Jan - Oct 2025,2025-12-16 15:08:46 EST
"Vallejo, California",122419,-25.00%,Jan - Oct 2025,2025-12-16 15:08:46 EST
"Albany, Georgia",66281,-12.50%,Jan - Oct 2025,2025-12-16 15:08:46 EST
"Chattanooga, Tennessee",185370,-36.36%,Jan - Oct 2025,2025-12-16 15:08:46 EST
"Johnston County, North Carolina",177923,600.00%,Jan - Oct 2025,2025-12-16 15:08:46 EST
"Killeen, Texas",161968,-26.32%,Jan - Oct 2025,2025-12-16 15:08:46 EST
"Lake Charles, Louisiana",76393,40.00%,Jan - Oct 2025,2025-12-16 15:08:46 EST
"New Haven, Connecticut",141481,55.56%,Jan - Sep 2025,2025-12-16 15:08:46 EST
"Reno, Nevada",277792,-22.22%,Jan - Oct 2025,2025-12-16 15:08:46 EST
"Springfield, Massachusetts",154218,-12.50%,Jan - Sep 2025,2025-12-16 15:08:46 EST
"Chesterfield County, Virginia",385204,18.18%,Jan - Sep 2025,2025-12-16 15:08:46 EST
"Clarksville, Tennessee",181916,62.50%,Jan - Sep 2025,2025-12-16 15:08:46 EST
"Corpus Christi, Texas",315340,-48.00%,Jan - Oct 2025,2025-12-16 15:08:46 EST
"Lexington, Kentucky",319994,-18.75%,Jan - Oct 2025,2025-12-16 15:08:46 EST
"Paterson, New Jersey",155991,62.50%,Jan - Oct 2025,2025-12-16 15:08:46 EST
"Sacramento County, California",604738,-31.58%,Jan - Oct 2025,2025-12-16 15:08:46 EST
"Arlington, Texas",394799,0.00%,Jan - Oct 2025,2025-12-16 15:08:46 EST
"Fontana, California",214429,500.00%,Jan - Oct 2025,2025-12-16 15:08:46 EST
"Hartford, Connecticut",120710,-25.00%,Jan - Oct 2025,2025-12-16 15:08:46 EST
"Horry County, South Carolina",302018,71.43%,Jan - Aug 2025,2025-12-16 15:08:46 EST
"Jackson, Tennessee",68470,-20.00%,Jan - Oct 2025,2025-12-16 15:08:46 EST
"Knoxville, Tennessee",198132,-40.00%,Jan - Oct 2025,2025-12-16 15:08:46 EST
"Mesquite, Texas",147926,140.00%,Jan - Oct 2025,2025-12-16 15:08:46 EST
"Toledo, Ohio",264341,-33.33%,Jan - Jul 2025,2025-12-16 15:08:46 EST
"Berkeley County, South Carolina",142756,37.50%,Jan - Oct 2025,2025-12-16 15:08:46 EST
"El Paso County, Colorado",207095,57.14%,Jan - Oct 2025,2025-12-16 15:08:46 EST
"Grand Rapids, Michigan",196019,0.00%,Jan - Oct 2025,2025-12-16 15:08:46 EST
"Jersey City, New Jersey",285117,83.33%,Jan - Oct 2025,2025-12-16 15:08:46 EST
"Newport News, Virginia",183600,-35.29%,Jan - Oct 2025,2025-12-16 15:08:46 EST
"Roanoke, Virginia",96925,57.14%,Jan - Sep 2025,2025-12-16 15:08:46 EST
"San Diego County, California",519218,-56.00%,Jan - Oct 2025,2025-12-16 15:08:46 EST
"St. Paul, Minnesota",300368,-50.00%,Jan - Oct 2025,2025-12-16 15:08:46 EST
"Virginia Beach, Virginia",453991,-8.33%,Jan - Sep 2025,2025-12-16 15:08:46 EST
"Lubbock, Texas",266960,-9.09%,Jan - Oct 2025,2025-12-16 15:08:46 EST
"Riverside, California",323473,-9.09%,Jan - Oct 2025,2025-12-16 15:08:46 EST
"Rocky Mount, North Carolina",53865,400.00%,Jan - Aug 2025,2025-12-16 15:08:46 EST
"Albany, New York",101930,0.00%,Jan - Oct 2025,2025-12-16 15:08:46 EST
"Anaheim, California",343147,-10.00%,Jan - Oct 2025,2025-12-16 15:08:46 EST
"Anderson County, South Carolina",164574,28.57%,Jan - Oct 2025,2025-12-16 15:08:46 EST
"Chesapeake, Virginia",254051,0.00%,Jan - Oct 2025,2025-12-16 15:08:46 EST
"Greeley, Colorado",109183,125.00%,Jan - Sep 2025,2025-12-16 15:08:46 EST
"Harrisburg, Pennsylvania",50229,-25.00%,Jan - Oct 2025,2025-12-16 15:08:46 EST
"Hidalgo County, Texas",260352,12.50%,Jan - Oct 2025,2025-12-16 15:08:46 EST
"Montgomery County, Texas",565355,0.00%,Jan - Sep 2025,2025-12-16 15:08:46 EST
"North Charleston, South Carolina",120162,-30.77%,Jan - Oct 2025,2025-12-16 15:08:46 EST
"Reading, Pennsylvania",97790,28.57%,Jan - Oct 2025,2025-12-16 15:08:46 EST
"Rockford, Illinois",145873,-47.06%,Jan - Oct 2025,2025-12-16 15:08:46 EST
"Springfield, Illinois",112781,0.00%,Jan - Oct 2025,2025-12-16 15:08:46 EST
"Springfield, Ohio",57866,125.00%,Jan - Oct 2025,2025-12-16 15:08:46 EST
"Beaumont, Texas",110671,-33.33%,Jan - Oct 2025,2025-12-16 15:08:46 EST
"Charleston, South Carolina",155159,14.29%,Jan - Oct 2025,2025-12-16 15:08:46 EST
"Glendale, Arizona",253768,-42.86%,Jan - Sep 2025,2025-12-16 15:08:46 EST
"San Bernardino, California",219483,0.00%,Jan - May 2025,2025-12-16 15:08:46 EST
"Santa Fe, New Mexico",89657,100.00%,Jan - Oct 2025,2025-12-16 15:08:46 EST
"Shelby County, Tennessee",136188,33.33%,Jan - Sep 2025,2025-12-16 15:08:46 EST
"Waterbury, Connecticut",115380,0.00%,Jan - Oct 2025,2025-12-16 15:08:46 EST
"Yuma, Arizona",99610,300.00%,Jan - Oct 2025,2025-12-16 15:08:46 EST
"Amarillo, Texas",201684,-30.00%,Jan - Aug 2025,2025-12-16 15:08:46 EST
"Brockton, Massachusetts",108938,0.00%,Jan - Oct 2025,2025-12-16 15:08:46 EST
"El Paso County, Texas",116599,0.00%,Jan - Oct 2025,2025-12-16 15:08:46 EST
"Gilbert, Arizona",278495,600.00%,Jan - Oct 2025,2025-12-16 15:08:46 EST
"Greenville, North Carolina",90048,-12.50%,Jan - Oct 2025,2025-12-16 15:08:46 EST
"Gresham, Oregon",110225,40.00%,Jan - Oct 2025,2025-12-16 15:08:46 EST
"Hayward, California",153914,-36.36%,Jan - Oct 2025,2025-12-16 15:08:46 EST
"Honolulu, Hawaii",987546,-70.83%,Jan - Oct 2025,2025-12-16 15:08:46 EST
"Independence, Missouri",120326,-12.50%,Jan - Oct 2025,2025-12-16 15:08:46 EST
"Lynchburg, Virginia",79509,-22.22%,Jan - Oct 2025,2025-12-16 15:08:46 EST
"Mckinney, Texas",212716,250.00%,Jan - Oct 2025,2025-12-16 15:08:46 EST
"Pomona, California",143578,-36.36%,Jan - Oct 2025,2025-12-16 15:08:46 EST
"South Bend, Indiana",102999,-12.50%,Jan - Oct 2025,2025-12-16 15:08:46 EST
"Spokane, Washington",230648,-50.00%,Jan - Oct 2025,2025-12-16 15:08:46 EST
"Springfield, Missouri",170521,-12.50%,Jan - Sep 2025,2025-12-16 15:08:46 EST
"Victoria, Texas",65298,600.00%,Jan - Oct 2025,2025-12-16 15:08:46 EST
"Waco, Texas",145741,-12.50%,Jan - Oct 2025,2025-12-16 15:08:46 EST
"Warner Robins, Georgia",82991,75.00%,Jan - Sep 2025,2025-12-16 15:08:46 EST
"Williamson County, Texas",202897,133.33%,Jan - Oct 2025,2025-12-16 15:08:46 EST
"Wilmington, North Carolina",122675,16.67%,Jan - Oct 2025,2025-12-16 15:08:46 EST
"Yakima, Washington",96991,-36.36%,Jan - Sep 2025,2025-12-16 15:08:46 EST
"Aiken County, South Carolina",110756,0.00%,Jan - Oct 2025,2025-12-16 15:08:46 EST
"Baytown, Texas",83809,20.00%,Jan - Oct 2025,2025-12-16 15:08:46 EST
"Bexar County, Texas",438152,-53.85%,Jan - Jul 2025,2025-12-16 15:08:46 EST
"Brazoria County, Texas",132229,100.00%,Jan - Oct 2025,2025-12-16 15:08:46 EST
"Champaign, Illinois",89687,100.00%,Jan - Oct 2025,2025-12-16 15:08:46 EST
"Corona, California",160590,500.00%,Jan - Oct 2025,2025-12-16 15:08:46 EST
"Decatur, Illinois",68301,20.00%,Jan - Oct 2025,2025-12-16 15:08:46 EST
"Denton, Texas",155215,NaN%,Jan - Oct 2025,2025-12-16 15:08:46 EST
"El Cajon, California",103569,200.00%,Jan - Oct 2025,2025-12-16 15:08:46 EST
"Fort Bend County, Texas",578695,-60.00%,Jan - Oct 2025,2025-12-16 15:08:46 EST
"Galveston, Texas",52810,100.00%,Jan - Oct 2025,2025-12-16 15:08:46 EST
"Garland, Texas",240051,-40.00%,Jan - Oct 2025,2025-12-16 15:08:46 EST
"Georgetown, Texas",87871,NaN%,Jan - Oct 2025,2025-12-16 15:08:46 EST
"Jacksonville, North Carolina",69340,200.00%,Jan - Oct 2025,2025-12-16 15:08:46 EST
"Lakewood, Colorado",156065,100.00%,Jan - Aug 2025,2025-12-16 15:08:46 EST
"Laredo, Texas",256542,20.00%,Jan - Oct 2025,2025-12-16 15:08:46 EST
"Lewisville, Texas",133694,50.00%,Jan - Oct 2025,2025-12-16 15:08:46 EST
"Madera, California",68862,500.00%,Jan - Oct 2025,2025-12-16 15:08:46 EST
"Monterey County, California",103695,500.00%,Jan - Oct 2025,2025-12-16 15:08:46 EST
"North Little Rock, Arkansas",64612,-50.00%,Jan - Oct 2025,2025-12-16 15:08:46 EST
"North Richland Hills, Texas",70853,200.00%,Jan - Oct 2025,2025-12-16 15:08:46 EST
"Prince William County, Virginia",480467,-60.00%,Jan - Aug 2025,2025-12-16 15:08:46 EST
"Salt Lake City, Utah",206692,-33.33%,Jan - Oct 2025,2025-12-16 15:08:46 EST
"Santa Rosa, California",176855,200.00%,Jan - Aug 2025,2025-12-16 15:08:46 EST
"Sarasota County, Florida",294526,20.00%,Jan - Oct 2025,2025-12-16 15:08:46 EST
"Tyler, Texas",110824,0.00%,Jan - Oct 2025,2025-12-16 15:08:46 EST
"West Valley, Utah",135023,20.00%,Jan - Oct 2025,2025-12-16 15:08:46 EST
"Albemarle County, Virginia",115659,150.00%,Jan - Oct 2025,2025-12-16 15:08:46 EST
"Antioch, California",115271,-64.29%,Jan - Oct 2025,2025-12-16 15:08:46 EST
"Colerain Township, Ohio",58268,400.00%,Jan - Oct 2025,2025-12-16 15:08:46 EST
"Columbia, Missouri",129602,-58.33%,Jan - Oct 2025,2025-12-16 15:08:46 EST
"Elk Grove, California",177976,66.67%,Jan - Oct 2025,2025-12-16 15:08:46 EST
"Evansville, Indiana",114950,-54.55%,Jan - Oct 2025,2025-12-16 15:08:46 EST
"Fairfax County, Virginia",1094031,-54.55%,Jan - Jul 2025,2025-12-16 15:08:46 EST
"Fairfield, California",119071,400.00%,Jan - Oct 2025,2025-12-16 15:08:46 EST
"Fort Smith, Arkansas",90417,NaN%,Jan - Aug 2025,2025-12-16 15:08:46 EST
"Gastonia, North Carolina",83739,66.67%,Jan - Oct 2025,2025-12-16 15:08:46 EST
"Greenwood, Indiana",66131,NaN%,Jan - Oct 2025,2025-12-16 15:08:46 EST
"Hamilton County, Ohio",122218,-16.67%,Jan - Oct 2025,2025-12-16 15:08:46 EST
"High Point, North Carolina",115490,150.00%,Jan - Oct 2025,2025-12-16 15:08:46 EST
"Lincoln, Nebraska",293155,-16.67%,Jan - Oct 2025,2025-12-16 15:08:46 EST
"Merced, California",94125,-28.57%,Jan - Oct 2025,2025-12-16 15:08:46 EST
"New Hanover County, North Carolina",105363,0.00%,Jan - Oct 2025,2025-12-16 15:08:46 EST
"Oceanside, California",171348,150.00%,Jan - Oct 2025,2025-12-16 15:08:46 EST
"Santa Maria, California",110317,150.00%,Jan - Oct 2025,2025-12-16 15:08:46 EST
"Scottsdale, Arizona",243644,400.00%,Jan - Sep 2025,2025-12-16 15:08:46 EST
"Sioux Falls, South Dakota",206559,-54.55%,Jan - Oct 2025,2025-12-16 15:08:46 EST
"Spotsylvania County, Virginia",149957,0.00%,Jan - Oct 2025,2025-12-16 15:08:46 EST
"Tempe, Arizona",188144,25.00%,Jan - Oct 2025,2025-12-16 15:08:46 EST
"Visalia, California",145031,-28.57%,Jan - Oct 2025,2025-12-16 15:08:46 EST
"Wake County, North Carolina",198748,66.67%,Jan - Oct 2025,2025-12-16 15:08:46 EST
"Abilene, Texas",128387,-42.86%,Jan - Oct 2025,2025-12-16 15:08:46 EST
"Beaufort County, South Carolina",132948,-60.00%,Jan - Aug 2025,2025-12-16 15:08:46 EST
"Billings, Montana",121365,-55.56%,Jan - Oct 2025,2025-12-16 15:08:46 EST
"Buncombe County, North Carolina",158547,100.00%,Jan - Oct 2025,2025-12-16 15:08:46 EST
"Carlsbad, California",113796,300.00%,Jan - Oct 2025,2025-12-16 15:08:46 EST
"Cedar Rapids, Iowa",135777,300.00%,Jan - Oct 2025,2025-12-16 15:08:46 EST
"Chandler, Arizona",282419,100.00%,Jan - Sep 2025,2025-12-16 15:08:46 EST
"Collin County, Texas",95286,100.00%,Jan - Oct 2025,2025-12-16 15:08:46 EST
"Conway, Arkansas",69315,100.00%,Jan - Oct 2025,2025-12-16 15:08:46 EST
"Davenport, Iowa",99911,-50.00%,Jan - Oct 2025,2025-12-16 15:08:46 EST
"Duluth, Minnesota",86570,33.33%,Jan - Oct 2025,2025-12-16 15:08:46 EST
"Fargo, North Dakota",134268,-20.00%,Jan - Oct 2025,2025-12-16 15:08:46 EST
"Forsyth County, North Carolina",111773,-20.00%,Jan - Oct 2025,2025-12-16 15:08:46 EST
"Guilford County, North Carolina",130423,-33.33%,Jan - Oct 2025,2025-12-16 15:08:46 EST
"Henderson, Nevada",337794,-50.00%,Jan - Oct 2025,2025-12-16 15:08:46 EST
"Howard County, Maryland",337780,-33.33%,Jan - Jun 2025,2025-12-16 15:08:46 EST
"Janesville, Wisconsin",66033,300.00%,Jan - Oct 2025,2025-12-16 15:08:46 EST
"Jefferson County, Missouri",167018,0.00%,Jan - Oct 2025,2025-12-16 15:08:46 EST
"Kaufman County, Texas",111179,100.00%,Jan - Oct 2025,2025-12-16 15:08:46 EST
"Lancaster County, South Carolina",100080,33.33%,Jan - Oct 2025,2025-12-16 15:08:46 EST
"Lee's Summit, Missouri",104402,NaN%,Jan - Oct 2025,2025-12-16 15:08:46 EST
"Lenexa, Kansas",59161,100.00%,Jan - Oct 2025,2025-12-16 15:08:46 EST
"Longview, Texas",82981,-55.56%,Jan - Oct 2025,2025-12-16 15:08:46 EST
"Midwest City, Oklahoma",57696,33.33%,Jan - Oct 2025,2025-12-16 15:08:46 EST
"Nassau County, New York",1077192,300.00%,Jan - Apr 2025,2025-12-16 15:08:46 EST
"National City, California",55270,100.00%,Jan - Oct 2025,2025-12-16 15:08:46 EST
"New Bedford, Massachusetts",100876,-42.86%,Jan - Oct 2025,2025-12-16 15:08:46 EST
"Norman, Oklahoma",130366,300.00%,Jan - Sep 2025,2025-12-16 15:08:46 EST
"Peoria, Arizona",200886,300.00%,Jan - Sep 2025,2025-12-16 15:08:46 EST
"Pima County, Arizona",365222,-55.56%,Jan - Oct 2025,2025-12-16 15:08:46 EST
"Pontiac, Michigan",61871,-66.67%,Jan - Oct 2025,2025-12-16 15:08:46 EST
"Port Arthur, Texas",55371,-20.00%,Jan - Aug 2025,2025-12-16 15:08:46 EST
"Schenectady, New York",69035,-42.86%,Jan - Oct 2025,2025-12-16 15:08:46 EST
"St. Cloud, Minnesota",69922,NaN%,Jan - Oct 2025,2025-12-16 15:08:46 EST
"St. George, Utah",105930,300.00%,Jan - Sep 2025,2025-12-16 15:08:46 EST
"Travis County, Texas",277111,-20.00%,Jan - Oct 2025,2025-12-16 15:08:46 EST
"West Jordan, Utah",116485,NaN%,Jan - Oct 2025,2025-12-16 15:08:46 EST
"Youngstown, Ohio",58773,-20.00%,Jan - May 2025,2025-12-16 15:08:46 EST
"Bellevue, Nebraska",62372,NaN%,Jan - Oct 2025,2025-12-16 15:08:46 EST
"Boulder, Colorado",104232,NaN%,Jan - Sep 2025,2025-12-16 15:08:46 EST
"Bridgeport, Connecticut",148483,-72.73%,Jan - Oct 2025,2025-12-16 15:08:46 EST
"Burlington, North Carolina",60156,-25.00%,Jan - Oct 2025,2025-12-16 15:08:46 EST
"Canton Township, Michigan",98915,0.00%,Jan - Oct 2025,2025-12-16 15:08:46 EST
"Chula Vista, California",280748,-25.00%,Jan - Oct 2025,2025-12-16 15:08:46 EST
"Clovis, California",126552,50.00%,Jan - Oct 2025,2025-12-16 15:08:46 EST
"Denton County, Texas",160587,200.00%,Jan - Oct 2025,2025-12-16 15:08:46 EST
"Erie, Pennsylvania",92920,-25.00%,Jan - Oct 2025,2025-12-16 15:08:46 EST
"Escondido, California",149837,50.00%,Jan - Oct 2025,2025-12-16 15:08:46 EST
"Fall River, Massachusetts",93879,-25.00%,Jan - Oct 2025,2025-12-16 15:08:46 EST
"Forsyth County, Georgia",267417,NaN%,Jan - Oct 2025,2025-12-16 15:08:46 EST
"Fort Collins, Colorado",168886,0.00%,Jan - Sep 2025,2025-12-16 15:08:46 EST
"Frisco, Texas",228527,NaN%,Jan - Oct 2025,2025-12-16 15:08:46 EST
"Grand Prairie, Texas",205487,-25.00%,Jan - Oct 2025,2025-12-16 15:08:46 EST
"Hall County, Georgia",148922,200.00%,Jan - Oct 2025,2025-12-16 15:08:46 EST
"Hammond, Indiana",75990,50.00%,Jan - Feb 2025,2025-12-16 15:08:46 EST
"Henrico County, Virginia",334046,-81.25%,Jan - Sep 2025,2025-12-16 15:08:46 EST
"Henry County, Georgia",172407,-25.00%,Jan - Aug 2025,2025-12-16 15:08:46 EST
"Johns Creek, Georgia",82646,NaN%,Jan - Oct 2025,2025-12-16 15:08:46 EST
"Jonesboro, Arkansas",80395,0.00%,Jan - Jul 2025,2025-12-16 15:08:46 EST
"Kalamazoo County, Michigan",108458,0.00%,Jan - Oct 2025,2025-12-16 15:08:46 EST
"Kannapolis, North Carolina",56479,-25.00%,Jan - Oct 2025,2025-12-16 15:08:46 EST
"Lafayette, Louisiana",121361,-66.67%,Jan - Oct 2025,2025-12-16 15:08:46 EST
"Lexington County, South Carolina",232613,-40.00%,Jan - Oct 2025,2025-12-16 15:08:46 EST
"Livingston Parish, Louisiana",134038,-57.14%,Jan - Oct 2025,2025-12-16 15:08:46 EST
"Loudoun County, Virginia",378299,-40.00%,Jan - Oct 2025,2025-12-16 15:08:46 EST
"Lynn, Massachusetts",101144,0.00%,Jan - Oct 2025,2025-12-16 15:08:46 EST
"Madison, Wisconsin",274234,-25.00%,Jan - Oct 2025,2025-12-16 15:08:46 EST
"Odessa, Texas",111922,-25.00%,Jan - Oct 2025,2025-12-16 15:08:46 EST
"Owensboro, Kentucky",59937,200.00%,Jan - Oct 2025,2025-12-16 15:08:46 EST
"Oxnard, California",199508,-40.00%,Jan - Oct 2025,2025-12-16 15:08:46 EST
"Parker County, Texas",114776,50.00%,Jan - Oct 2025,2025-12-16 15:08:46 EST
"Pasadena, Texas",145850,-40.00%,Jan - Oct 2025,2025-12-16 15:08:46 EST
"Pawtucket, Rhode Island",75100,0.00%,Jan - Oct 2025,2025-12-16 15:08:46 EST
"Pharr, Texas",80359,NaN%,Jan - Oct 2025,2025-12-16 15:08:46 EST
"Rapid City, South Dakota",80850,-40.00%,Jan - Jul 2025,2025-12-16 15:08:46 EST
"Rock Hill, South Carolina",75681,-25.00%,Jan - Oct 2025,2025-12-16 15:08:46 EST
"Royal Oak, Michigan",57233,NaN%,Jan - Oct 2025,2025-12-16 15:08:46 EST
"Salem, Oregon",178276,-50.00%,Jan - Aug 2025,2025-12-16 15:08:46 EST
"San Marcos, Texas",71413,NaN%,Jan - Oct 2025,2025-12-16 15:08:46 EST
"Smith County, Texas",111489,-40.00%,Jan - Oct 2025,2025-12-16 15:08:46 EST
"Sonoma County, California",131522,NaN%,Jan - Oct 2025,2025-12-16 15:08:46 EST
"Southfield, Michigan",74960,200.00%,Jan - Oct 2025,2025-12-16 15:08:46 EST
"Sparks, Nevada",109403,-25.00%,Jan - Oct 2025,2025-12-16 15:08:46 EST
"St Charles, Missouri",71408,50.00%,Jan - Oct 2025,2025-12-16 15:08:46 EST
"Taylor, Michigan",61781,0.00%,Jan - Oct 2025,2025-12-16 15:08:46 EST
"Tulare County, California",135511,-66.67%,Jan - Oct 2025,2025-12-16 15:08:46 EST
"Walnut Creek, California",68441,NaN%,Jan - Oct 2025,2025-12-16 15:08:46 EST
"Waterloo, Iowa",66211,50.00%,Jan - Oct 2025,2025-12-16 15:08:46 EST
"Westminster, Colorado",113660,-40.00%,Jan - Oct 2025,2025-12-16 15:08:46 EST
"Wichita Falls, Texas",102740,-66.67%,Jan - Oct 2025,2025-12-16 15:08:46 EST
"Adams County, Colorado",100798,-50.00%,Jan - Sep 2025,2025-12-16 15:08:46 EST
"Alameda County, California",148466,-75.00%,Jan - Oct 2025,2025-12-16 15:08:46 EST
"Alhambra, California",79087,NaN%,Jan - Oct 2025,2025-12-16 15:08:46 EST
"Allentown, Pennsylvania",124782,-50.00%,Jan - Oct 2025,2025-12-16 15:08:46 EST
"Asheville, North Carolina",93471,-77.78%,Jan - Oct 2025,2025-12-16 15:08:46 EST
"Baldwin Park, California",68230,-33.33%,Jan - Oct 2025,2025-12-16 15:08:46 EST
"Barnstable, Massachusetts",50034,100.00%,Jan - Aug 2025,2025-12-16 15:08:46 EST
"Battle Creek, Michigan",60969,-60.00%,Jan - Oct 2025,2025-12-16 15:08:46 EST
"Beaumont, California",57819,NaN%,Jan - Sep 2025,2025-12-16 15:08:46 EST
"Bellingham, Washington",94968,-60.00%,Jan - Oct 2025,2025-12-16 15:08:46 EST
"Boise, Idaho",236949,100.00%,Jan - Sep 2025,2025-12-16 15:08:46 EST
"Bossier City, Louisiana",62602,-71.43%,Jan - Oct 2025,2025-12-16 15:08:46 EST
"Bowling Green, Kentucky",76194,100.00%,Jan - Oct 2025,2025-12-16 15:08:46 EST
"Broken Arrow, Oklahoma",119959,-50.00%,Jan - Oct 2025,2025-12-16 15:08:46 EST
"Brookhaven, Georgia",58507,-50.00%,Jan - Sep 2025,2025-12-16 15:08:46 EST
"Brownsville, Texas",190590,-33.33%,Jan - Oct 2025,2025-12-16 15:08:46 EST
"Burnsville, Minnesota",63650,-60.00%,Jan - Oct 2025,2025-12-16 15:08:46 EST
"Cheyenne, Wyoming",64307,0.00%,Jan - Sep 2025,2025-12-16 15:08:46 EST
"Chicopee, Massachusetts",55043,-33.33%,Jan - Oct 2025,2025-12-16 15:08:46 EST
"Citrus Heights, California",85894,-33.33%,Jan - Oct 2025,2025-12-16 15:08:46 EST
"Clackamas County, Oregon",243311,-33.33%,Jan - Oct 2025,2025-12-16 15:08:46 EST
"Commerce City, Colorado",67851,-60.00%,Jan - Oct 2025,2025-12-16 15:08:46 EST
"Concord, North Carolina",111915,-60.00%,Jan - Oct 2025,2025-12-16 15:08:46 EST
"Council Bluffs, Iowa",62214,0.00%,Jan - Oct 2025,2025-12-16 15:08:46 EST
"Dearborn Heights, Michigan",61420,100.00%,Jan - Oct 2025,2025-12-16 15:08:46 EST
"Dearborn, Michigan",106747,NaN%,Jan - Oct 2025,2025-12-16 15:08:46 EST
"Des Moines, Iowa",209658,-77.78%,Jan - Oct 2025,2025-12-16 15:08:46 EST
"Douglas County, Colorado",219477,-33.33%,Jan - Sep 2025,2025-12-16 15:08:46 EST
"Eau Claire, Wisconsin",69859,100.00%,Jan - Oct 2025,2025-12-16 15:08:46 EST
"Edmond, Oklahoma",97063,0.00%,Jan - Oct 2025,2025-12-16 15:08:46 EST
"El Dorado County, California",162436,NaN%,Jan - Oct 2025,2025-12-16 15:08:46 EST
"El Monte, California",103463,-66.67%,Jan - Oct 2025,2025-12-16 15:08:46 EST
"Elkhart, Indiana",53773,NaN%,Jan - Oct 2025,2025-12-16 15:08:46 EST
"Enid, Oklahoma",50168,NaN%,Jan - Oct 2025,2025-12-16 15:08:46 EST
"Eugene, Oregon",178191,0.00%,Jan - Oct 2025,2025-12-16 15:08:46 EST
"Fayetteville, Arkansas",101624,-75.00%,Jan - Oct 2025,2025-12-16 15:08:46 EST
"Folsom, California",84559,-50.00%,Jan - Oct 2025,2025-12-16 15:08:46 EST
"Franklin, Tennessee",88315,NaN%,Jan - Oct 2025,2025-12-16 15:08:46 EST
"Goodyear, Arizona",109929,NaN%,Jan - Oct 2025,2025-12-16 15:08:46 EST
"Green Bay, Wisconsin",105521,0.00%,Jan - Oct 2025,2025-12-16 15:08:46 EST
"Greenville, South Carolina",72961,-71.43%,Jan - Sep 2025,2025-12-16 15:08:46 EST
"Hamilton Township, New Jersey",120098,NaN%,Jan - Oct 2025,2025-12-16 15:08:46 EST
"Hillsboro, Oregon",107459,NaN%,Jan - Oct 2025,2025-12-16 15:08:46 EST
"Iowa City, Iowa",75396,NaN%,Jan - Oct 2025,2025-12-16 15:08:46 EST
"Irving, Texas",255203,-88.89%,Jan - Oct 2025,2025-12-16 15:08:46 EST
"Kent County, Michigan",267237,NaN%,Jan - Oct 2025,2025-12-16 15:08:46 EST
"Knox County, Tennessee",304331,0.00%,Jan - Oct 2025,2025-12-16 15:08:46 EST
"Kokomo, Indiana",59720,0.00%,Jan - Aug 2025,2025-12-16 15:08:46 EST
"La Mesa, California",60008,0.00%,Jan - Oct 2025,2025-12-16 15:08:46 EST
"Lansing, Michigan",112529,-33.33%,Jan - Apr 2025,2025-12-16 15:08:46 EST
"Lawrence, Massachusetts",87806,-71.43%,Jan - Oct 2025,2025-12-16 15:08:46 EST
"League City, Texas",115791,-50.00%,Jan - Oct 2025,2025-12-16 15:08:46 EST
"Leander, Texas",82228,NaN%,Jan - Oct 2025,2025-12-16 15:08:46 EST
"Little Elm, Texas",59954,0.00%,Jan - Oct 2025,2025-12-16 15:08:46 EST
"Manchester, New Hampshire",114963,0.00%,Jan - Oct 2025,2025-12-16 15:08:46 EST
"Medford, Oregon",85352,0.00%,Jan - Sep 2025,2025-12-16 15:08:46 EST
"Midland, Texas",135253,-71.43%,Jan - Oct 2025,2025-12-16 15:08:46 EST
"Mission Viejo, California",90944,NaN%,Jan - Aug 2025,2025-12-16 15:08:46 EST
"Missouri City, Texas",77560,100.00%,Jan - Sep 2025,2025-12-16 15:08:46 EST
"Murfreesboro, Tennessee",166916,-60.00%,Jan - Oct 2025,2025-12-16 15:08:46 EST
"Napa, California",77956,-50.00%,Jan - Oct 2025,2025-12-16 15:08:46 EST
"New Britain, Connecticut",74609,-33.33%,Jan - Oct 2025,2025-12-16 15:08:46 EST
"New Rochelle, New York",83357,NaN%,Jan - Sep 2025,2025-12-16 15:08:46 EST
"Ogden, Utah",86593,100.00%,Jan - Oct 2025,2025-12-16 15:08:46 EST
"Onslow County, North Carolina",125993,-60.00%,Jan - Sep 2025,2025-12-16 15:08:46 EST
"Paulding County, Georgia",162740,-33.33%,Jan - Oct 2025,2025-12-16 15:08:46 EST
"Pearland, Texas",127433,-33.33%,Jan - Oct 2025,2025-12-16 15:08:46 EST
"Pflugerville, Texas",65599,100.00%,Jan - Oct 2025,2025-12-16 15:08:46 EST
"Plano, Texas",291140,-33.33%,Jan - Oct 2025,2025-12-16 15:08:46 EST
"Pleasanton, California",75238,100.00%,Jan - Oct 2025,2025-12-16 15:08:46 EST
"Providence, Rhode Island",189590,-81.82%,Jan - Oct 2025,2025-12-16 15:08:46 EST
"Racine, Wisconsin",75858,-33.33%,Jan - Oct 2025,2025-12-16 15:08:46 EST
"Richardson, Texas",119008,0.00%,Jan - Oct 2025,2025-12-16 15:08:46 EST
"Richmond, California",113282,-81.82%,Jan - Oct 2025,2025-12-16 15:08:46 EST
"Roseville, California",158084,0.00%,Jan - Oct 2025,2025-12-16 15:08:46 EST
"Round Rock, Texas",129898,0.00%,Jan - Oct 2025,2025-12-16 15:08:46 EST
"Rutherford County, Tennessee",104616,NaN%,Jan - Oct 2025,2025-12-16 15:08:46 EST
"San Angelo, Texas",98642,-50.00%,Jan - Oct 2025,2025-12-16 15:08:46 EST
"San Mateo County, California",127963,100.00%,Jan - Oct 2025,2025-12-16 15:08:46 EST
"Santa Monica, California",88552,0.00%,Jan - Jun 2025,2025-12-16 15:08:46 EST
"Shelby Township, Michigan",79545,NaN%,Jan - Oct 2025,2025-12-16 15:08:46 EST
"Southaven, Mississippi",57135,100.00%,Jan - Oct 2025,2025-12-16 15:08:46 EST
"Spring Hill, Tennessee",58200,NaN%,Jan - Oct 2025,2025-12-16 15:08:46 EST
"St. Mary's County, Maryland",115684,100.00%,Jan - Aug 2025,2025-12-16 15:08:46 EST
"Stafford County, Virginia",166413,100.00%,Jan - Oct 2025,2025-12-16 15:08:46 EST
"Suffolk, Virginia",100598,-80.00%,Jan - Oct 2025,2025-12-16 15:08:46 EST
"Terre Haute, Indiana",58309,0.00%,Jan - Sep 2025,2025-12-16 15:08:46 EST
"Texas City, Texas",57448,-60.00%,Jan - Oct 2025,2025-12-16 15:08:46 EST
"Thornton, Colorado",143838,0.00%,Jan - Oct 2025,2025-12-16 15:08:46 EST
"Thousand Oaks, California",123032,0.00%,Jan - Oct 2025,2025-12-16 15:08:46 EST
"Thurston County, Washington",145385,0.00%,Jan - Oct 2025,2025-12-16 15:08:46 EST
"Torrance, California",138472,NaN%,Jan - Oct 2025,2025-12-16 15:08:46 EST
"Tulare, California",71428,-60.00%,Jan - Sep 2025,2025-12-16 15:08:46 EST
"Tustin, California",77690,NaN%,Jan - Aug 2025,2025-12-16 15:08:46 EST
"Upper Darby, Pennsylvania",84468,-33.33%,Jan - Oct 2025,2025-12-16 15:08:46 EST
"Utica, New York",63548,-60.00%,Jan - Oct 2025,2025-12-16 15:08:46 EST
"Warren, Michigan",136121,-50.00%,Jan - Oct 2025,2025-12-16 15:08:46 EST
"Waterford Township, Michigan",69153,NaN%,Jan - Oct 2025,2025-12-16 15:08:46 EST
"West Covina, California",103014,-33.33%,Jan - Oct 2025,2025-12-16 15:08:46 EST
"Westland, Michigan",83463,-33.33%,Jan - Oct 2025,2025-12-16 15:08:46 EST
"Westminster, California",88710,-33.33%,Jan - Sep 2025,2025-12-16 15:08:46 EST
"Abington, Pennsylvania",58433,NaN%,Jan - Oct 2025,2025-12-16 15:08:46 EST
"Ada County, Idaho",138487,-50.00%,Jan - Oct 2025,2025-12-16 15:08:46 EST
"Allen, Texas",114696,NaN%,Jan - Oct 2025,2025-12-16 15:08:46 EST
"Ames, Iowa",67186,NaN%,Jan - Oct 2025,2025-12-16 15:08:46 EST
"Ann Arbor, Michigan",118072,NaN%,Jan - Oct 2025,2025-12-16 15:08:46 EST
"Apple Valley, Minnesota",54995,NaN%,Jan - Oct 2025,2025-12-16 15:08:46 EST
"Arapahoe County, Colorado",104204,-50.00%,Jan - Oct 2025,2025-12-16 15:08:46 EST
"Arcadia, California",54071,NaN%,Jan - Oct 2025,2025-12-16 15:08:46 EST
"Arlington County, Virginia",231844,NaN%,Jan - Oct 2025,2025-12-16 15:08:46 EST
"Arvada, Colorado",120200,NaN%,Jan - Oct 2025,2025-12-16 15:08:46 EST
"Avondale, Arizona",92661,-66.67%,Jan - Sep 2025,2025-12-16 15:08:46 EST
"Beaverton, Oregon",96840,0.00%,Jan - Sep 2025,2025-12-16 15:08:46 EST
"Bend, Oregon",105099,-66.67%,Jan - Oct 2025,2025-12-16 15:08:46 EST
"Bensalem, Pennsylvania",62595,NaN%,Jan - Mar 2025,2025-12-16 15:08:46 EST
"Bentonville, Arkansas",59465,-66.67%,Jan - Oct 2025,2025-12-16 15:08:46 EST
"Berkeley, California",116595,-83.33%,Jan - Oct 2025,2025-12-16 15:08:46 EST
"Bloomington, Minnesota",86793,0.00%,Jan - Oct 2025,2025-12-16 15:08:46 EST
"Bolingbrook, Illinois",74138,0.00%,Jan - Oct 2025,2025-12-16 15:08:46 EST
"Bowie, Maryland",56678,NaN%,Jan - Oct 2025,2025-12-16 15:08:46 EST
"Bozeman, Montana",57424,NaN%,Jan - Oct 2025,2025-12-16 15:08:46 EST
"Brooklyn Park, Minnesota",81920,-66.67%,Jan - Oct 2025,2025-12-16 15:08:46 EST
"Burleson, Texas",56307,NaN%,Jan - Oct 2025,2025-12-16 15:08:46 EST
"Burlington, Vermont",44522,0.00%,Jan - Oct 2025,2025-12-16 15:08:46 EST
"Caldwell, Idaho",68731,0.00%,Jan - Aug 2025,2025-12-16 15:08:46 EST
"Camarillo, California",70010,0.00%,Jan - Oct 2025,2025-12-16 15:08:46 EST
"Cambridge, Massachusetts",118960,NaN%,Jan - Oct 2025,2025-12-16 15:08:46 EST
"Cameron County, Texas",95894,-66.67%,Jan - Oct 2025,2025-12-16 15:08:46 EST
"Carrollton, Texas",134261,0.00%,Jan - Oct 2025,2025-12-16 15:08:46 EST
"Cary, North Carolina",182878,NaN%,Jan - Oct 2025,2025-12-16 15:08:46 EST
"Cedar Park, Texas",77464,-66.67%,Jan - Oct 2025,2025-12-16 15:08:46 EST
"Centennial, Colorado",104724,NaN%,Jan - Oct 2025,2025-12-16 15:08:46 EST
"Chico, California",100896,-50.00%,Jan - Oct 2025,2025-12-16 15:08:46 EST
"Chino, California",94162,-66.67%,Jan - Oct 2025,2025-12-16 15:08:46 EST
"Clinton Township, Michigan",99012,-66.67%,Jan - Oct 2025,2025-12-16 15:08:46 EST
"Coeur D Alene, Idaho",57653,NaN%,Jan - Oct 2025,2025-12-16 15:08:46 EST
"College Station, Texas",126136,-66.67%,Jan - Oct 2025,2025-12-16 15:08:46 EST
"Concord, California",121331,-50.00%,Jan - Oct 2025,2025-12-16 15:08:46 EST
"Conroe, Texas",106904,0.00%,Jan - Oct 2025,2025-12-16 15:08:46 EST
"Cranston, Rhode Island",82484,0.00%,Jan - Oct 2025,2025-12-16 15:08:46 EST
"Cuyahoga Falls, Ohio",50459,0.00%,Jan - Oct 2025,2025-12-16 15:08:46 EST
"Danbury, Connecticut",87327,NaN%,Jan - Oct 2025,2025-12-16 15:08:46 EST
"Delaware County, Ohio",104939,-50.00%,Jan - Oct 2025,2025-12-16 15:08:46 EST
"Desoto, Texas",56257,0.00%,Jan - Oct 2025,2025-12-16 15:08:46 EST
"Douglas County, Nebraska",94490,NaN%,Jan - Oct 2025,2025-12-16 15:08:46 EST
"Edina, Minnesota",51980,NaN%,Jan - Oct 2025,2025-12-16 15:08:46 EST
"Elizabeth, New Jersey",133578,-75.00%,Jan - Oct 2025,2025-12-16 15:08:46 EST
"Elyria, Ohio",53024,-50.00%,Jan - Oct 2025,2025-12-16 15:08:46 EST
"Euclid, Ohio",48170,-80.00%,Jan - Oct 2025,2025-12-16 15:08:46 EST
"Euless, Texas",59722,0.00%,Jan - Oct 2025,2025-12-16 15:08:46 EST
"Gardena, California",57853,-66.67%,Jan - Oct 2025,2025-12-16 15:08:46 EST
"Glendale, California",185923,-66.67%,Jan - Oct 2025,2025-12-16 15:08:46 EST
"Great Falls, Montana",60358,NaN%,Jan - Oct 2025,2025-12-16 15:08:46 EST
"Hamilton County, Tennessee",124372,-50.00%,Jan - Oct 2025,2025-12-16 15:08:46 EST
"Hamilton, Ohio",62705,0.00%,Jan - Sep 2025,2025-12-16 15:08:46 EST
"Harlingen, Texas",71581,0.00%,Jan - Oct 2025,2025-12-16 15:08:46 EST
"Hendersonville, Tennessee",63291,-50.00%,Jan - Oct 2025,2025-12-16 15:08:46 EST
"Hoboken, New Jersey",56832,0.00%,Jan - Oct 2025,2025-12-16 15:08:46 EST
"Huntersville, North Carolina",63781,0.00%,Jan - Oct 2025,2025-12-16 15:08:46 EST
"Jeffersonville, Indiana",51780,NaN%,Jan - Mar 2025,2025-12-16 15:08:46 EST
"Johnson City, Tennessee",73225,-75.00%,Jan - Oct 2025,2025-12-16 15:08:46 EST
"Joplin, Missouri",52881,NaN%,Jan - Oct 2025,2025-12-16 15:08:46 EST
"Kenosha, Wisconsin",97786,-66.67%,Jan - Oct 2025,2025-12-16 15:08:46 EST
"La Crosse, Wisconsin",50759,0.00%,Jan - Oct 2025,2025-12-16 15:08:46 EST
"Livingston County, Michigan",129813,NaN%,Jan - Oct 2025,2025-12-16 15:08:46 EST
"Logan, Utah",55645,NaN%,Jan - Oct 2025,2025-12-16 15:08:46 EST
"Lorain, Ohio",65436,-50.00%,Jan - Oct 2025,2025-12-16 15:08:46 EST
"Loveland, Colorado",78656,0.00%,Jan - Oct 2025,2025-12-16 15:08:46 EST
"Lowell, Massachusetts",113124,-75.00%,Jan - Sep 2025,2025-12-16 15:08:46 EST
"Lower Paxton, Pennsylvania",55204,NaN%,Jan - Oct 2025,2025-12-16 15:08:46 EST
"Manchester, Connecticut",59408,0.00%,Jan - Sep 2025,2025-12-16 15:08:46 EST
"Mansfield, Texas",78788,-50.00%,Jan - Oct 2025,2025-12-16 15:08:46 EST
"Manteca, California",88518,0.00%,Jan - Oct 2025,2025-12-16 15:08:46 EST
"Marietta, Georgia",63407,-50.00%,Jan - Aug 2025,2025-12-16 15:08:46 EST
"Miami Beach, Florida",78824,-66.67%,Jan - Oct 2025,2025-12-16 15:08:46 EST
"Milford, Connecticut",53011,0.00%,Jan - Sep 2025,2025-12-16 15:08:46 EST
"Millcreek, Pennsylvania",53119,NaN%,Jan - Oct 2025,2025-12-16 15:08:46 EST
"Mission, Texas",87031,-75.00%,Jan - Oct 2025,2025-12-16 15:08:46 EST
"Mountain View, California",80382,NaN%,Jan - Oct 2025,2025-12-16 15:08:46 EST
"Nampa, Idaho",116116,-50.00%,Jan - Aug 2025,2025-12-16 15:08:46 EST
"New Braunfels, Texas",111942,-50.00%,Jan - Oct 2025,2025-12-16 15:08:46 EST
"O'Fallon, Missouri",94702,NaN%,Jan - Sep 2025,2025-12-16 15:08:46 EST
"Oshkosh, Wisconsin",65548,-75.00%,Jan - Oct 2025,2025-12-16 15:08:46 EST
"Palatine, Illinois",64407,NaN%,Jan - Oct 2025,2025-12-16 15:08:46 EST
"Parker, Colorado",62431,-50.00%,Jan - Oct 2025,2025-12-16 15:08:46 EST
"Parma, Ohio",78913,NaN%,Jan - Aug 2025,2025-12-16 15:08:46 EST
"Pasadena, California",132210,NaN%,Jan - Oct 2025,2025-12-16 15:08:46 EST
"Placer County, California",125007,-66.67%,Jan - Oct 2025,2025-12-16 15:08:46 EST
"Provo, Utah",112743,NaN%,Jan - Sep 2025,2025-12-16 15:08:46 EST
"Redwood City, California",78765,0.00%,Jan - Oct 2025,2025-12-16 15:08:46 EST
"Rochester Hills, Michigan",75845,0.00%,Jan - Oct 2025,2025-12-16 15:08:46 EST
"Roswell, Georgia",93241,0.00%,Jan - Oct 2025,2025-12-16 15:08:46 EST
"Rowlett, Texas",66671,NaN%,Jan - Oct 2025,2025-12-16 15:08:46 EST
"Santa Cruz County, California",128246,-66.67%,Jan - Oct 2025,2025-12-16 15:08:46 EST
"Saratoga County, New York",183036,-50.00%,Jan - Sep 2025,2025-12-16 15:08:46 EST
"Schaumburg, Illinois",75140,NaN%,Jan - Oct 2025,2025-12-16 15:08:46 EST
"Scranton, Pennsylvania",75687,-83.33%,Jan - Oct 2025,2025-12-16 15:08:46 EST
"Simi Valley, California",123443,-66.67%,Jan - Oct 2025,2025-12-16 15:08:46 EST
"Sioux City, Iowa",85365,-66.67%,Jan - Oct 2025,2025-12-16 15:08:46 EST
"Spokane Valley, Washington",109278,0.00%,Jan - Oct 2025,2025-12-16 15:08:46 EST
"St Charles County, Missouri",119176,0.00%,Jan - Oct 2025,2025-12-16 15:08:46 EST
"St Joseph County, Indiana",109381,NaN%,Jan - Mar 2025,2025-12-16 15:08:46 EST
"St Joseph, Missouri",69925,-50.00%,Jan - Oct 2025,2025-12-16 15:08:46 EST
"St. Clair Shores, Michigan",57257,NaN%,Jan - Oct 2025,2025-12-16 15:08:46 EST
"Stark County, Ohio",117590,-66.67%,Jan - Oct 2025,2025-12-16 15:08:46 EST
"Sterling Heights, Michigan",131801,0.00%,Jan - Oct 2025,2025-12-16 15:08:46 EST
"Sugar Land, Texas",108718,0.00%,Jan - Oct 2025,2025-12-16 15:08:46 EST
"Sunnyvale, California",152031,0.00%,Jan - Oct 2025,2025-12-16 15:08:46 EST
"Tracy, California",99347,-66.67%,Jan - Oct 2025,2025-12-16 15:08:46 EST
"Troy, Michigan",87265,NaN%,Jan - Oct 2025,2025-12-16 15:08:46 EST
"Union County, North Carolina",170556,-50.00%,Jan - Jun 2025,2025-12-16 15:08:46 EST
"Vacaville, California",101975,0.00%,Jan - Sep 2025,2025-12-16 15:08:46 EST
"Ventura, California",109035,-50.00%,Jan - Oct 2025,2025-12-16 15:08:46 EST
"Warren County, Ohio",102918,-50.00%,Jan - Oct 2025,2025-12-16 15:08:46 EST
"Washington County, Maryland",104179,0.00%,Jan - Oct 2025,2025-12-16 15:08:46 EST
"West Allis, Wisconsin",58505,NaN%,Jan - Oct 2025,2025-12-16 15:08:46 EST
"Wyoming, Michigan",76712,-66.67%,Jan - Oct 2025,2025-12-16 15:08:46 EST
"Alameda, California",75061,-100.00%,Jan - Oct 2025,2025-12-16 15:08:46 EST
"Alexandria, Virginia",153897,-100.00%,Jan - Oct 2025,2025-12-16 15:08:46 EST
"Aliso Viejo, California",50736,0.00%,Jan - Oct 2025,2025-12-16 15:08:46 EST
"Alpharetta, Georgia",68139,-100.00%,Jan - Oct 2025,2025-12-16 15:08:46 EST
"Anderson, Indiana",55275,-100.00%,Jan - Sep 2025,2025-12-16 15:08:46 EST
"Ankeny, Iowa",74233,0.00%,Jan - Oct 2025,2025-12-16 15:08:46 EST
"Appleton, Wisconsin",73921,-100.00%,Jan - Oct 2025,2025-12-16 15:08:46 EST
"Arlington Heights, Illinois",74094,0.00%,Jan - Oct 2025,2025-12-16 15:08:46 EST
"Bartlett, Tennessee",56324,0.00%,Jan - Sep 2025,2025-12-16 15:08:46 EST
"Bethlehem, Pennsylvania",78606,-100.00%,Jan - Oct 2025,2025-12-16 15:08:46 EST
"Bismarck, North Dakota",74802,-100.00%,Jan - Oct 2025,2025-12-16 15:08:46 EST
"Blaine, Minnesota",72384,-100.00%,Jan - Oct 2025,2025-12-16 15:08:46 EST
"Bloomfield, New Jersey",53181,0.00%,Jan - Oct 2025,2025-12-16 15:08:46 EST
"Blue Springs, Missouri",59896,-100.00%,Jan - Oct 2025,2025-12-16 15:08:46 EST
"Boone County, Kentucky",107867,-100.00%,Jan - Oct 2025,2025-12-16 15:08:46 EST
"Brentwood, California",66976,0.00%,Jan - Oct 2025,2025-12-16 15:08:46 EST
"Bristol, Connecticut",61609,-100.00%,Jan - Oct 2025,2025-12-16 15:08:46 EST
"Brookline, Massachusetts",62639,0.00%,Jan - Feb 2025,2025-12-16 15:08:46 EST
"Broomfield, Colorado",77072,-100.00%,Jan - Oct 2025,2025-12-16 15:08:46 EST
"Buckeye, Arizona",112048,-100.00%,Jan - Oct 2025,2025-12-16 15:08:46 EST
"Buena Park, California",81753,0.00%,Jan - Oct 2025,2025-12-16 15:08:46 EST
"Burbank, California",102345,-100.00%,Jan - Oct 2025,2025-12-16 15:08:46 EST
"Canton, Ohio",69164,-100.00%,Jan - Sep 2025,2025-12-16 15:08:46 EST
"Carmel, Indiana",103013,0.00%,Jan - Oct 2025,2025-12-16 15:08:46 EST
"Casa Grande, Arizona",63228,-100.00%,Jan - Oct 2025,2025-12-16 15:08:46 EST
"Castle Rock, Colorado",83546,0.00%,Jan - Oct 2025,2025-12-16 15:08:46 EST
"Chapel Hill, North Carolina",65066,-100.00%,Jan - Oct 2025,2025-12-16 15:08:46 EST
"Cherry Hill Township, New Jersey",78082,0.00%,Jan - Oct 2025,2025-12-16 15:08:46 EST
"Cicero, Illinois",80455,-100.00%,Jan - Oct 2025,2025-12-16 15:08:46 EST
"Clifton, New Jersey",88361,-100.00%,Jan - Oct 2025,2025-12-16 15:08:46 EST
"Collierville, Tennessee",51686,0.00%,Jan - Sep 2025,2025-12-16 15:08:46 EST
"Colonie Town, New York",80724,0.00%,Jan - Oct 2025,2025-12-16 15:08:46 EST
"Comal County, Texas",94653,-100.00%,Jan - Oct 2025,2025-12-16 15:08:46 EST
"Coon Rapids, Minnesota",62391,-100.00%,Jan - Oct 2025,2025-12-16 15:08:46 EST
"Corvallis, Oregon",61474,-100.00%,Jan - Aug 2025,2025-12-16 15:08:46 EST
"Daly City, California",97774,-100.00%,Jan - Oct 2025,2025-12-16 15:08:46 EST
"Davis, California",67193,-100.00%,Jan - Oct 2025,2025-12-16 15:08:46 EST
"Des Plaines, Illinois",57672,0.00%,Jan - Oct 2025,2025-12-16 15:08:46 EST
"Draper, Utah",50588,-100.00%,Jan - Oct 2025,2025-12-16 15:08:46 EST
"Dublin, Ohio",48827,0.00%,Jan - Oct 2025,2025-12-16 15:08:46 EST
"Dubuque, Iowa",58492,-100.00%,Jan - Oct 2025,2025-12-16 15:08:46 EST
"Dunwoody, Georgia",52505,-100.00%,Jan - Oct 2025,2025-12-16 15:08:46 EST
"Eagan, Minnesota",66943,0.00%,Jan - Oct 2025,2025-12-16 15:08:46 EST
"East Hartford, Connecticut",50625,-100.00%,Jan - Oct 2025,2025-12-16 15:08:46 EST
"Eden Prairie, Minnesota",61645,-100.00%,Jan - Oct 2025,2025-12-16 15:08:46 EST
"Edinburg, Texas",106137,-100.00%,Jan - Oct 2025,2025-12-16 15:08:46 EST
"Evanston, Illinois",74413,0.00%,Jan - Sep 2025,2025-12-16 15:08:46 EST
"Everett, Massachusetts",49740,0.00%,Jan - Oct 2025,2025-12-16 15:08:46 EST
"Fairfield, Connecticut",63588,0.00%,Jan - Oct 2025,2025-12-16 15:08:46 EST
"Farmington Hills, Michigan",82223,-100.00%,Jan - Oct 2025,2025-12-16 15:08:46 EST
"Fishers, Indiana",103247,-100.00%,Jan - Oct 2025,2025-12-16 15:08:46 EST
"Flagstaff, Arizona",75343,-100.00%,Jan - Feb 2025,2025-12-16 15:08:46 EST
"Flower Mound, Texas",79513,0.00%,Jan - Oct 2025,2025-12-16 15:08:46 EST
"Fountain Valley, California",55419,0.00%,Jan - Oct 2025,2025-12-16 15:08:46 EST
"Framingham, Massachusetts",70624,0.00%,Jan - Jun 2025,2025-12-16 15:08:46 EST
"Fremont, California",220775,0.00%,Jan - Jan 2025,2025-12-16 15:08:46 EST
"Fullerton, California",139131,-100.00%,Jan - Oct 2025,2025-12-16 15:08:46 EST
"Gilroy, California",57331,0.00%,Jan - Oct 2025,2025-12-16 15:08:46 EST
"Grand Forks, North Dakota",58470,-100.00%,Jan - Oct 2025,2025-12-16 15:08:46 EST
"Grand Island, Nebraska",52264,0.00%,Jan - Oct 2025,2025-12-16 15:08:46 EST
"Grand Junction, Colorado",69240,-100.00%,Jan - Oct 2025,2025-12-16 15:08:46 EST
"Grapevine, Texas",51458,-100.00%,Jan - Oct 2025,2025-12-16 15:08:46 EST
"Green Township, Ohio",59277,-100.00%,Jan - Oct 2025,2025-12-16 15:08:46 EST
"Greenwich, Connecticut",63777,0.00%,Jan - Sep 2025,2025-12-16 15:08:46 EST
"Hamden, Connecticut",60691,-100.00%,Jan - Sep 2025,2025-12-16 15:08:46 EST
"Hanover County, Virginia",106595,-100.00%,Jan - Oct 2025,2025-12-16 15:08:46 EST
"Harrisonburg, Virginia",50928,0.00%,Jan - Oct 2025,2025-12-16 15:08:46 EST
"Haverford, Pennsylvania",50505,0.00%,Jan - Jun 2025,2025-12-16 15:08:46 EST
"Haverhill, Massachusetts",67133,0.00%,Jan - Oct 2025,2025-12-16 15:08:46 EST
"Hays County, Texas",130433,0.00%,Jan - Oct 2025,2025-12-16 15:08:46 EST
"Hempstead Village, New York",58071,-100.00%,Jan - Sep 2025,2025-12-16 15:08:46 EST
"Idaho Falls, Idaho",68662,-100.00%,Jan - Sep 2025,2025-12-16 15:08:46 EST
"Iredell County, North Carolina",111895,-100.00%,Jan - Oct 2025,2025-12-16 15:08:46 EST
"Irvine, California",316132,-100.00%,Jan - Oct 2025,2025-12-16 15:08:46 EST
"Jefferson County, Colorado",194994,-100.00%,Jan - Oct 2025,2025-12-16 15:08:46 EST
"Kentwood, Michigan",53979,-100.00%,Jan - Feb 2025,2025-12-16 15:08:46 EST
"Kettering, Ohio",56633,0.00%,Jan - Oct 2025,2025-12-16 15:08:46 EST
"Kingsport, Tennessee",56522,-100.00%,Jan - Oct 2025,2025-12-16 15:08:46 EST
"Kyle, Texas",63931,-100.00%,Jan - Oct 2025,2025-12-16 15:08:46 EST
"Laguna Niguel, California",63502,0.00%,Jan - Sep 2025,2025-12-16 15:08:46 EST
"Lake Havasu City, Arizona",59720,0.00%,Jan - Oct 2025,2025-12-16 15:08:46 EST
"Lakeville, Minnesota",76929,-100.00%,Jan - Oct 2025,2025-12-16 15:08:46 EST
"Lakewood, Ohio",49304,0.00%,Jan - Aug 2025,2025-12-16 15:08:46 EST
"Lancaster, Pennsylvania",57213,-100.00%,Jan - Oct 2025,2025-12-16 15:08:46 EST
"Layton, Utah",82887,-100.00%,Jan - Oct 2025,2025-12-16 15:08:46 EST
"Lincoln, California",53950,0.00%,Jan - Oct 2025,2025-12-16 15:08:46 EST
"Livermore, California",83155,-100.00%,Jan - Oct 2025,2025-12-16 15:08:46 EST
"Livonia, Michigan",93042,0.00%,Jan - Oct 2025,2025-12-16 15:08:46 EST
"Longmont, Colorado",98444,-100.00%,Jan - Feb 2025,2025-12-16 15:08:46 EST
"Lower Merion, Pennsylvania",64350,-100.00%,Jan - Oct 2025,2025-12-16 15:08:46 EST
"Macomb County, Michigan",191695,-100.00%,Jan - Oct 2025,2025-12-16 15:08:46 EST
"Malden, Massachusetts",64291,0.00%,Jan - Oct 2025,2025-12-16 15:08:46 EST
"Maple Grove, Minnesota",70729,0.00%,Jan - Oct 2025,2025-12-16 15:08:46 EST
"Marana, Arizona",57718,-100.00%,Jan - Sep 2025,2025-12-16 15:08:46 EST
"Maricopa, Arizona",70355,0.00%,Jan - Sep 2025,2025-12-16 15:08:46 EST
"McAllen, Texas",145684,-100.00%,Jan - Oct 2025,2025-12-16 15:08:46 EST
"Medford, Massachusetts",68280,0.00%,Jan - Oct 2025,2025-12-16 15:08:46 EST
"Meriden, Connecticut",60054,-100.00%,Jan - Sep 2025,2025-12-16 15:08:46 EST
"Meridian, Idaho",135239,-100.00%,Jan - Oct 2025,2025-12-16 15:08:46 EST
"Methuen, Massachusetts",53558,0.00%,Jan - Oct 2025,2025-12-16 15:08:46 EST
"Middletown, Ohio",51328,0.00%,Jan - Jul 2025,2025-12-16 15:08:46 EST
"Milpitas, California",76573,0.00%,Jan - Oct 2025,2025-12-16 15:08:46 EST
"Minnetonka, Minnesota",51791,0.00%,Jan - Oct 2025,2025-12-16 15:08:46 EST
"Missoula, Montana",78269,-100.00%,Jan - Sep 2025,2025-12-16 15:08:46 EST
"Monterey Park, California",57419,-100.00%,Jan - Oct 2025,2025-12-16 15:08:46 EST
"Moore, Oklahoma",63311,-100.00%,Jan - Oct 2025,2025-12-16 15:08:46 EST
"Mooresville, North Carolina",53767,-100.00%,Jan - Oct 2025,2025-12-16 15:08:46 EST
"Mount Pleasant, South Carolina",96320,0.00%,Jan - Oct 2025,2025-12-16 15:08:46 EST
"Mount Prospect, Illinois",53932,0.00%,Jan - Oct 2025,2025-12-16 15:08:46 EST
"Mount Vernon, New York",70812,-100.00%,Jan - Oct 2025,2025-12-16 15:08:46 EST
"Murrieta, California",115037,-100.00%,Jan - Oct 2025,2025-12-16 15:08:46 EST
"Nashua, New Hampshire",91145,0.00%,Jan - Jan 2025,2025-12-16 15:08:46 EST
"Newark, Ohio",51147,-100.00%,Jan - Oct 2025,2025-12-16 15:08:46 EST
"Newport Beach, California",83392,-100.00%,Jan - Oct 2025,2025-12-16 15:08:46 EST
"Newton, Massachusetts",86996,0.00%,Jan - Jun 2025,2025-12-16 15:08:46 EST
"Noblesville, Indiana",74211,0.00%,Jan - Oct 2025,2025-12-16 15:08:46 EST
"Normal, Illinois",52883,-100.00%,Jan - Aug 2025,2025-12-16 15:08:46 EST
"North Bergen Township, New Jersey",59147,-100.00%,Jan - Oct 2025,2025-12-16 15:08:46 EST
"Norwalk, Connecticut",91639,0.00%,Jan - Oct 2025,2025-12-16 15:08:46 EST
"Novato, California",51733,0.00%,Jan - Sep 2025,2025-12-16 15:08:46 EST
"Novi, Michigan",66482,-100.00%,Jan - Oct 2025,2025-12-16 15:08:46 EST
"Oak Lawn, Illinois",55368,-100.00%,Jan - Oct 2025,2025-12-16 15:08:46 EST
"Orem, Utah",94682,-100.00%,Jan - Oct 2025,2025-12-16 15:08:46 EST
"Palo Alto, California",64855,-100.00%,Jan - Oct 2025,2025-12-16 15:08:46 EST
"Peabody, Massachusetts",53841,0.00%,Jan - Jan 2025,2025-12-16 15:08:46 EST
"Petaluma, California",58099,0.00%,Jan - Oct 2025,2025-12-16 15:08:46 EST
"Pinal County, Arizona",229832,-100.00%,Jan - Oct 2025,2025-12-16 15:08:46 EST
"Pittsfield, Massachusetts",43078,-100.00%,Jan - Sep 2025,2025-12-16 15:08:46 EST
"Plymouth, Minnesota",77576,0.00%,Jan - Oct 2025,2025-12-16 15:08:46 EST
"Pocatello, Idaho",58390,0.00%,Jan - Oct 2025,2025-12-16 15:08:46 EST
"Porterville, California",63165,0.00%,Jan - Oct 2025,2025-12-16 15:08:46 EST
"Prescott Valley, Arizona",50166,-100.00%,Jan - Oct 2025,2025-12-16 15:08:46 EST
"Pueblo, Colorado",111240,-100.00%,Jan - Feb 2025,2025-12-16 15:08:46 EST
"Quincy, Massachusetts",102465,0.00%,Jan - Oct 2025,2025-12-16 15:08:46 EST
"Redlands, California",74147,-100.00%,Jan - Oct 2025,2025-12-16 15:08:46 EST
"Redmond, Washington",78496,0.00%,Jan - Oct 2025,2025-12-16 15:08:46 EST
"Redondo Beach, California",67742,-100.00%,Jan - Oct 2025,2025-12-16 15:08:46 EST
"Revere, Massachusetts",57132,0.00%,Jan - Oct 2025,2025-12-16 15:08:46 EST
"Richland, Washington",63816,0.00%,Jan - Oct 2025,2025-12-16 15:08:46 EST
"Rocklin, California",74876,-100.00%,Jan - Oct 2025,2025-12-16 15:08:46 EST
"Rockwall, Texas",53433,-100.00%,Jan - Oct 2025,2025-12-16 15:08:46 EST
"San Mateo, California",98883,-100.00%,Jan - Oct 2025,2025-12-16 15:08:46 EST
"San Rafael, California",59400,-100.00%,Jan - Oct 2025,2025-12-16 15:08:46 EST
"Sandy, Utah",91132,-100.00%,Jan - Sep 2025,2025-12-16 15:08:46 EST
"Santa Clara, California",126452,-100.00%,Jan - Oct 2025,2025-12-16 15:08:46 EST
"Santa Cruz, California",61754,-100.00%,Jan - Oct 2025,2025-12-16 15:08:46 EST
"Saratoga Springs, Utah",56039,-100.00%,Jan - Sep 2025,2025-12-16 15:08:46 EST
"Sarpy County, Nebraska",98019,-100.00%,Jan - Oct 2025,2025-12-16 15:08:46 EST
"Shawnee, Kansas",70098,0.00%,Jan - Oct 2025,2025-12-16 15:08:46 EST
"Skokie, Illinois",64417,0.00%,Jan - Oct 2025,2025-12-16 15:08:46 EST
"Smyrna, Tennessee",58096,-100.00%,Jan - Oct 2025,2025-12-16 15:08:46 EST
"Somerville, Massachusetts",79513,0.00%,Jan - Oct 2025,2025-12-16 15:08:46 EST
"South Jordan, Utah",86444,0.00%,Jan - Oct 2025,2025-12-16 15:08:46 EST
"South San Francisco, California",62205,0.00%,Jan - Oct 2025,2025-12-16 15:08:46 EST
"St Peters, Missouri",58937,-100.00%,Jan - Oct 2025,2025-12-16 15:08:46 EST
"Stamford, Connecticut",136512,0.00%,Jan - Sep 2025,2025-12-16 15:08:46 EST
"State College, Pennsylvania",58532,0.00%,Jan - Oct 2025,2025-12-16 15:08:46 EST
"Stratford, Connecticut",52596,0.00%,Jan - Oct 2025,2025-12-16 15:08:46 EST
"Taunton, Massachusetts",60356,-100.00%,Jan - Oct 2025,2025-12-16 15:08:46 EST
"Temple, Texas",93073,0.00%,Jan - Jan 2025,2025-12-16 15:08:46 EST
"Tigard, Oregon",56142,0.00%,Jan - Oct 2025,2025-12-16 15:08:46 EST
"Tinley Park, Illinois",53528,-100.00%,Jan - Oct 2025,2025-12-16 15:08:46 EST
"Twin Falls, Idaho",55447,-100.00%,Jan - Oct 2025,2025-12-16 15:08:46 EST
"Wake Forest, North Carolina",52609,-100.00%,Jan - Aug 2025,2025-12-16 15:08:46 EST
"Waltham, Massachusetts",63797,-100.00%,Jan - Oct 2025,2025-12-16 15:08:46 EST
"Warwick, Rhode Island",83369,-100.00%,Jan - Oct 2025,2025-12-16 15:08:46 EST
"Washington County, Oregon",239309,-100.00%,Jan - Oct 2025,2025-12-16 15:08:46 EST
"Washtenaw County, Michigan",161396,-100.00%,Jan - Oct 2025,2025-12-16 15:08:46 EST
"Waukesha, Wisconsin",70095,-100.00%,Jan - Oct 2025,2025-12-16 15:08:46 EST
"Wayne Township, New Jersey",52317,0.00%,Jan - Oct 2025,2025-12-16 15:08:46 EST
"West Bloomfield Township, Michigan",64904,0.00%,Jan - Oct 2025,2025-12-16 15:08:46 EST
"West Chester Township, Ohio",62860,0.00%,Jan - Oct 2025,2025-12-16 15:08:46 EST
"West Des Moines, Iowa",71674,0.00%,Jan - Oct 2025,2025-12-16 15:08:46 EST
"West Hartford, Connecticut",64423,0.00%,Jan - Oct 2025,2025-12-16 15:08:46 EST
"West Haven, Connecticut",54791,-100.00%,Jan - Oct 2025,2025-12-16 15:08:46 EST
"West New York, New Jersey",51884,0.00%,Jan - Oct 2025,2025-12-16 15:08:46 EST
"Westfield, Indiana",58858,0.00%,Jan - Oct 2025,2025-12-16 15:08:46 EST
"Weymouth, Massachusetts",57725,0.00%,Jan - Oct 2025,2025-12-16 15:08:46 EST
"Will County, Illinois",104475,-100.00%,Jan - Oct 2025,2025-12-16 15:08:46 EST
"Woodbury, Minnesota",80153,-100.00%,Jan - Oct 2025,2025-12-16 15:08:46 EST
"Wright County, Minnesota",129359,0.00%,Jan - Oct 2025,2025-12-16 15:08:46 EST
"Wylie, Texas",62539,-100.00%,Jan - Sep 2025,2025-12-16 15:08:46 EST
"Yavapai County, Arizona",97526,-100.00%,Jan - Oct 2025,2025-12-16 15:08:46 EST
"Yorba Linda, California",66477,0.00%,Jan - Oct 2025,2025-12-16 15:08:46 EST
