__lineyka_row_id,agency_full,#_of_agencies,population,crime_type,YTD,PrevYTD,Percent_Change,YTD_Range,Last Updated
77,"Jefferson Parish, Louisiana",1,321980,Murders,17,17,0.00%,Jan - Oct 2025,2025-12-16 15:08:46 EST
78,"Montgomery County, Maryland",1,896963,Murders,17,17,0.00%,Jan - Oct 2025,2025-12-16 15:08:46 EST
79,"East Baton Rouge Parish, Louisiana",1,197853,Murders,16,34,-52.94%,Jan - Oct 2025,2025-12-16 15:08:46 EST
80,"Greenville County, South Carolina",1,379428,Murders,16,18,-11.11%,Jan - Oct 2025,2025-12-16 15:08:46 EST
81,"Mesa, Arizona",1,515848,Murders,16,12,33.33%,Jan - Oct 2025,2025-12-16 15:08:46 EST
82,"Portsmouth, Virginia",1,96649,Murders,15,31,-51.61%,Jan - Oct 2025,2025-12-16 15:08:46 EST
83,"Tacoma, Washington",1,222828,Murders,15,19,-21.05%,Jan - Oct 2025,2025-12-16 15:08:46 EST
84,"Vallejo, California",1,122419,Murders,15,20,-25.00%,Jan - Oct 2025,2025-12-16 15:08:46 EST
85,"Albany, Georgia",1,66281,Murders,14,16,-12.50%,Jan - Oct 2025,2025-12-16 15:08:46 EST
86,"Chattanooga, Tennessee",1,185370,Murders,14,22,-36.36%,Jan - Oct 2025,2025-12-16 15:08:46 EST
87,"Johnston County, North Carolina",1,177923,Murders,14,2,600.00%,Jan - Oct 2025,2025-12-16 15:08:46 EST
88,"Killeen, Texas",1,161968,Murders,14,19,-26.32%,Jan - Oct 2025,2025-12-16 15:08:46 EST
89,"Lake Charles, Louisiana",1,76393,Murders,14,10,40.00%,Jan - Oct 2025,2025-12-16 15:08:46 EST
90,"New Haven, Connecticut",1,141481,Murders,14,9,55.56%,Jan - Sep 2025,2025-12-16 15:08:46 EST
91,"Reno, Nevada",1,277792,Murders,14,18,-22.22%,Jan - Oct 2025,2025-12-16 15:08:46 EST
92,"Springfield, Massachusetts",1,154218,Murders,14,16,-12.50%,Jan - Sep 2025,2025-12-16 15:08:46 EST
93,"Chesterfield County, Virginia",1,385204,Murders,13,11,18.18%,Jan - Sep 2025,2025-12-16 15:08:46 EST
94,"Clarksville, Tennessee",1,181916,Murders,13,8,62.50%,Jan - Sep 2025,2025-12-16 15:08:46 EST
95,"Corpus Christi, Texas",1,315340,Murders,13,25,-48.00%,Jan - Oct 2025,2025-12-16 15:08:46 EST
96,"Lexington, Kentucky",1,319994,Murders,13,16,-18.75%,Jan - Oct 2025,2025-12-16 15:08:46 EST
97,"Paterson, New Jersey",1,155991,Murders,13,8,62.50%,Jan - Oct 2025,2025-12-16 15:08:46 EST
98,"Sacramento County, California",1,604738,Murders,13,19,-31.58%,Jan - Oct 2025,2025-12-16 15:08:46 EST
99,"Arlington, Texas",1,394799,Murders,12,12,0.00%,Jan - Oct 2025,2025-12-16 15:08:46 EST
100,"Fontana, California",1,214429,Murders,12,2,500.00%,Jan - Oct 2025,2025-12-16 15:08:46 EST
101,"Hartford, Connecticut",1,120710,Murders,12,16,-25.00%,Jan - Oct 2025,2025-12-16 15:08:46 EST
102,"Horry County, South Carolina",1,302018,Murders,12,7,71.43%,Jan - Aug 2025,2025-12-16 15:08:46 EST
103,"Jackson, Tennessee",1,68470,Murders,12,15,-20.00%,Jan - Oct 2025,2025-12-16 15:08:46 EST
104,"Knoxville, Tennessee",1,198132,Murders,12,20,-40.00%,Jan - Oct 2025,2025-12-16 15:08:46 EST
105,"Mesquite, Texas",1,147926,Murders,12,5,140.00%,Jan - Oct 2025,2025-12-16 15:08:46 EST
106,"Toledo, Ohio",1,264341,Murders,12,18,-33.33%,Jan - Jul 2025,2025-12-16 15:08:46 EST
107,"Berkeley County, South Carolina",1,142756,Murders,11,8,37.50%,Jan - Oct 2025,2025-12-16 15:08:46 EST
108,"El Paso County, Colorado",1,207095,Murders,11,7,57.14%,Jan - Oct 2025,2025-12-16 15:08:46 EST
109,"Grand Rapids, Michigan",1,196019,Murders,11,11,0.00%,Jan - Oct 2025,2025-12-16 15:08:46 EST
110,"Jersey City, New Jersey",1,285117,Murders,11,6,83.33%,Jan - Oct 2025,2025-12-16 15:08:46 EST
111,"Newport News, Virginia",1,183600,Murders,11,17,-35.29%,Jan - Oct 2025,2025-12-16 15:08:46 EST
112,"Roanoke, Virginia",1,96925,Murders,11,7,57.14%,Jan - Sep 2025,2025-12-16 15:08:46 EST
113,"San Diego County, California",1,519218,Murders,11,25,-56.00%,Jan - Oct 2025,2025-12-16 15:08:46 EST
114,"St. Paul, Minnesota",1,300368,Murders,11,22,-50.00%,Jan - Oct 2025,2025-12-16 15:08:46 EST
115,"Virginia Beach, Virginia",1,453991,Murders,11,12,-8.33%,Jan - Sep 2025,2025-12-16 15:08:46 EST
116,"Lubbock, Texas",1,266960,Murders,10,11,-9.09%,Jan - Oct 2025,2025-12-16 15:08:46 EST
117,"Riverside, California",1,323473,Murders,10,11,-9.09%,Jan - Oct 2025,2025-12-16 15:08:46 EST
118,"Rocky Mount, North Carolina",1,53865,Murders,10,2,400.00%,Jan - Aug 2025,2025-12-16 15:08:46 EST
119,"Albany, New York",1,101930,Murders,9,9,0.00%,Jan - Oct 2025,2025-12-16 15:08:46 EST
120,"Anaheim, California",1,343147,Murders,9,10,-10.00%,Jan - Oct 2025,2025-12-16 15:08:46 EST
121,"Anderson County, South Carolina",1,164574,Murders,9,7,28.57%,Jan - Oct 2025,2025-12-16 15:08:46 EST
122,"Chesapeake, Virginia",1,254051,Murders,9,9,0.00%,Jan - Oct 2025,2025-12-16 15:08:46 EST
123,"Greeley, Colorado",1,109183,Murders,9,4,125.00%,Jan - Sep 2025,2025-12-16 15:08:46 EST
124,"Harrisburg, Pennsylvania",1,50229,Murders,9,12,-25.00%,Jan - Oct 2025,2025-12-16 15:08:46 EST
125,"Hidalgo County, Texas",1,260352,Murders,9,8,12.50%,Jan - Oct 2025,2025-12-16 15:08:46 EST
126,"Montgomery County, Texas",1,565355,Murders,9,9,0.00%,Jan - Sep 2025,2025-12-16 15:08:46 EST
127,"North Charleston, South Carolina",1,120162,Murders,9,13,-30.77%,Jan - Oct 2025,2025-12-16 15:08:46 EST
128,"Reading, Pennsylvania",1,97790,Murders,9,7,28.57%,Jan - Oct 2025,2025-12-16 15:08:46 EST
129,"Rockford, Illinois",1,145873,Murders,9,17,-47.06%,Jan - Oct 2025,2025-12-16 15:08:46 EST
130,"Springfield, Illinois",1,112781,Murders,9,9,0.00%,Jan - Oct 2025,2025-12-16 15:08:46 EST
131,"Springfield, Ohio",1,57866,Murders,9,4,125.00%,Jan - Oct 2025,2025-12-16 15:08:46 EST
132,"Beaumont, Texas",1,110671,Murders,8,12,-33.33%,Jan - Oct 2025,2025-12-16 15:08:46 EST
133,"Charleston, South Carolina",1,155159,Murders,8,7,14.29%,Jan - Oct 2025,2025-12-16 15:08:46 EST
134,"Glendale, Arizona",1,253768,Murders,8,14,-42.86%,Jan - Sep 2025,2025-12-16 15:08:46 EST
135,"San Bernardino, California",1,219483,Murders,8,8,0.00%,Jan - May 2025,2025-12-16 15:08:46 EST
136,"Santa Fe, New Mexico",1,89657,Murders,8,4,100.00%,Jan - Oct 2025,2025-12-16 15:08:46 EST
137,"Shelby County, Tennessee",1,136188,Murders,8,6,33.33%,Jan - Sep 2025,2025-12-16 15:08:46 EST
138,"Waterbury, Connecticut",1,115380,Murders,8,8,0.00%,Jan - Oct 2025,2025-12-16 15:08:46 EST
139,"Yuma, Arizona",1,99610,Murders,8,2,300.00%,Jan - Oct 2025,2025-12-16 15:08:46 EST
140,"Amarillo, Texas",1,201684,Murders,7,10,-30.00%,Jan - Aug 2025,2025-12-16 15:08:46 EST
141,"Brockton, Massachusetts",1,108938,Murders,7,7,0.00%,Jan - Oct 2025,2025-12-16 15:08:46 EST
142,"El Paso County, Texas",1,116599,Murders,7,7,0.00%,Jan - Oct 2025,2025-12-16 15:08:46 EST
143,"Gilbert, Arizona",1,278495,Murders,7,1,600.00%,Jan - Oct 2025,2025-12-16 15:08:46 EST
144,"Greenville, North Carolina",1,90048,Murders,7,8,-12.50%,Jan - Oct 2025,2025-12-16 15:08:46 EST
145,"Gresham, Oregon",1,110225,Murders,7,5,40.00%,Jan - Oct 2025,2025-12-16 15:08:46 EST
146,"Hayward, California",1,153914,Murders,7,11,-36.36%,Jan - Oct 2025,2025-12-16 15:08:46 EST
147,"Honolulu, Hawaii",1,987546,Murders,7,24,-70.83%,Jan - Oct 2025,2025-12-16 15:08:46 EST
148,"Independence, Missouri",1,120326,Murders,7,8,-12.50%,Jan - Oct 2025,2025-12-16 15:08:46 EST
149,"Lynchburg, Virginia",1,79509,Murders,7,9,-22.22%,Jan - Oct 2025,2025-12-16 15:08:46 EST
150,"Mckinney, Texas",1,212716,Murders,7,2,250.00%,Jan - Oct 2025,2025-12-16 15:08:46 EST
151,"Pomona, California",1,143578,Murders,7,11,-36.36%,Jan - Oct 2025,2025-12-16 15:08:46 EST
152,"South Bend, Indiana",1,102999,Murders,7,8,-12.50%,Jan - Oct 2025,2025-12-16 15:08:46 EST
153,"Spokane, Washington",1,230648,Murders,7,14,-50.00%,Jan - Oct 2025,2025-12-16 15:08:46 EST
154,"Springfield, Missouri",1,170521,Murders,7,8,-12.50%,Jan - Sep 2025,2025-12-16 15:08:46 EST
155,"Victoria, Texas",1,65298,Murders,7,1,600.00%,Jan - Oct 2025,2025-12-16 15:08:46 EST
156,"Waco, Texas",1,145741,Murders,7,8,-12.50%,Jan - Oct 2025,2025-12-16 15:08:46 EST
157,"Warner Robins, Georgia",1,82991,Murders,7,4,75.00%,Jan - Sep 2025,2025-12-16 15:08:46 EST
158,"Williamson County, Texas",1,202897,Murders,7,3,133.33%,Jan - Oct 2025,2025-12-16 15:08:46 EST
159,"Wilmington, North Carolina",1,122675,Murders,7,6,16.67%,Jan - Oct 2025,2025-12-16 15:08:46 EST
160,"Yakima, Washington",1,96991,Murders,7,11,-36.36%,Jan - Sep 2025,2025-12-16 15:08:46 EST
161,"Aiken County, South Carolina",1,110756,Murders,6,6,0.00%,Jan - Oct 2025,2025-12-16 15:08:46 EST
162,"Baytown, Texas",1,83809,Murders,6,5,20.00%,Jan - Oct 2025,2025-12-16 15:08:46 EST
163,"Bexar County, Texas",1,438152,Murders,6,13,-53.85%,Jan - Jul 2025,2025-12-16 15:08:46 EST
164,"Brazoria County, Texas",1,132229,Murders,6,3,100.00%,Jan - Oct 2025,2025-12-16 15:08:46 EST
165,"Champaign, Illinois",1,89687,Murders,6,3,100.00%,Jan - Oct 2025,2025-12-16 15:08:46 EST
166,"Corona, California",1,160590,Murders,6,1,500.00%,Jan - Oct 2025,2025-12-16 15:08:46 EST
167,"Decatur, Illinois",1,68301,Murders,6,5,20.00%,Jan - Oct 2025,2025-12-16 15:08:46 EST
168,"Denton, Texas",1,155215,Murders,6,0,NaN%,Jan - Oct 2025,2025-12-16 15:08:46 EST
169,"El Cajon, California",1,103569,Murders,6,2,200.00%,Jan - Oct 2025,2025-12-16 15:08:46 EST
170,"Fort Bend County, Texas",1,578695,Murders,6,15,-60.00%,Jan - Oct 2025,2025-12-16 15:08:46 EST
171,"Galveston, Texas",1,52810,Murders,6,3,100.00%,Jan - Oct 2025,2025-12-16 15:08:46 EST
172,"Garland, Texas",1,240051,Murders,6,10,-40.00%,Jan - Oct 2025,2025-12-16 15:08:46 EST
173,"Georgetown, Texas",1,87871,Murders,6,0,NaN%,Jan - Oct 2025,2025-12-16 15:08:46 EST
174,"Jacksonville, North Carolina",1,69340,Murders,6,2,200.00%,Jan - Oct 2025,2025-12-16 15:08:46 EST
175,"Lakewood, Colorado",1,156065,Murders,6,3,100.00%,Jan - Aug 2025,2025-12-16 15:08:46 EST
176,"Laredo, Texas",1,256542,Murders,6,5,20.00%,Jan - Oct 2025,2025-12-16 15:08:46 EST
177,"Lewisville, Texas",1,133694,Murders,6,4,50.00%,Jan - Oct 2025,2025-12-16 15:08:46 EST
178,"Madera, California",1,68862,Murders,6,1,500.00%,Jan - Oct 2025,2025-12-16 15:08:46 EST
179,"Monterey County, California",1,103695,Murders,6,1,500.00%,Jan - Oct 2025,2025-12-16 15:08:46 EST
180,"North Little Rock, Arkansas",1,64612,Murders,6,12,-50.00%,Jan - Oct 2025,2025-12-16 15:08:46 EST
181,"North Richland Hills, Texas",1,70853,Murders,6,2,200.00%,Jan - Oct 2025,2025-12-16 15:08:46 EST
182,"Prince William County, Virginia",1,480467,Murders,6,15,-60.00%,Jan - Aug 2025,2025-12-16 15:08:46 EST
183,"Salt Lake City, Utah",1,206692,Murders,6,9,-33.33%,Jan - Oct 2025,2025-12-16 15:08:46 EST
184,"Santa Rosa, California",1,176855,Murders,6,2,200.00%,Jan - Aug 2025,2025-12-16 15:08:46 EST
185,"Sarasota County, Florida",1,294526,Murders,6,5,20.00%,Jan - Oct 2025,2025-12-16 15:08:46 EST
186,"Tyler, Texas",1,110824,Murders,6,6,0.00%,Jan - Oct 2025,2025-12-16 15:08:46 EST
187,"West Valley, Utah",1,135023,Murders,6,5,20.00%,Jan - Oct 2025,2025-12-16 15:08:46 EST
188,"Albemarle County, Virginia",1,115659,Murders,5,2,150.00%,Jan - Oct 2025,2025-12-16 15:08:46 EST
189,"Antioch, California",1,115271,Murders,5,14,-64.29%,Jan - Oct 2025,2025-12-16 15:08:46 EST
190,"Colerain Township, Ohio",1,58268,Murders,5,1,400.00%,Jan - Oct 2025,2025-12-16 15:08:46 EST
191,"Columbia, Missouri",1,129602,Murders,5,12,-58.33%,Jan - Oct 2025,2025-12-16 15:08:46 EST
192,"Elk Grove, California",1,177976,Murders,5,3,66.67%,Jan - Oct 2025,2025-12-16 15:08:46 EST
193,"Evansville, Indiana",1,114950,Murders,5,11,-54.55%,Jan - Oct 2025,2025-12-16 15:08:46 EST
194,"Fairfax County, Virginia",1,1094031,Murders,5,11,-54.55%,Jan - Jul 2025,2025-12-16 15:08:46 EST
195,"Fairfield, California",1,119071,Murders,5,1,400.00%,Jan - Oct 2025,2025-12-16 15:08:46 EST
196,"Fort Smith, Arkansas",1,90417,Murders,5,0,NaN%,Jan - Aug 2025,2025-12-16 15:08:46 EST
197,"Gastonia, North Carolina",1,83739,Murders,5,3,66.67%,Jan - Oct 2025,2025-12-16 15:08:46 EST
198,"Greenwood, Indiana",1,66131,Murders,5,0,NaN%,Jan - Oct 2025,2025-12-16 15:08:46 EST
199,"Hamilton County, Ohio",1,122218,Murders,5,6,-16.67%,Jan - Oct 2025,2025-12-16 15:08:46 EST
200,"High Point, North Carolina",1,115490,Murders,5,2,150.00%,Jan - Oct 2025,2025-12-16 15:08:46 EST
201,"Lincoln, Nebraska",1,293155,Murders,5,6,-16.67%,Jan - Oct 2025,2025-12-16 15:08:46 EST
202,"Merced, California",1,94125,Murders,5,7,-28.57%,Jan - Oct 2025,2025-12-16 15:08:46 EST
203,"New Hanover County, North Carolina",1,105363,Murders,5,5,0.00%,Jan - Oct 2025,2025-12-16 15:08:46 EST
204,"Oceanside, California",1,171348,Murders,5,2,150.00%,Jan - Oct 2025,2025-12-16 15:08:46 EST
205,"Santa Maria, California",1,110317,Murders,5,2,150.00%,Jan - Oct 2025,2025-12-16 15:08:46 EST
206,"Scottsdale, Arizona",1,243644,Murders,5,1,400.00%,Jan - Sep 2025,2025-12-16 15:08:46 EST
207,"Sioux Falls, South Dakota",1,206559,Murders,5,11,-54.55%,Jan - Oct 2025,2025-12-16 15:08:46 EST
208,"Spotsylvania County, Virginia",1,149957,Murders,5,5,0.00%,Jan - Oct 2025,2025-12-16 15:08:46 EST
209,"Tempe, Arizona",1,188144,Murders,5,4,25.00%,Jan - Oct 2025,2025-12-16 15:08:46 EST
210,"Visalia, California",1,145031,Murders,5,7,-28.57%,Jan - Oct 2025,2025-12-16 15:08:46 EST
211,"Wake County, North Carolina",1,198748,Murders,5,3,66.67%,Jan - Oct 2025,2025-12-16 15:08:46 EST
212,"Abilene, Texas",1,128387,Murders,4,7,-42.86%,Jan - Oct 2025,2025-12-16 15:08:46 EST
213,"Beaufort County, South Carolina",1,132948,Murders,4,10,-60.00%,Jan - Aug 2025,2025-12-16 15:08:46 EST
214,"Billings, Montana",1,121365,Murders,4,9,-55.56%,Jan - Oct 2025,2025-12-16 15:08:46 EST
215,"Buncombe County, North Carolina",1,158547,Murders,4,2,100.00%,Jan - Oct 2025,2025-12-16 15:08:46 EST
216,"Carlsbad, California",1,113796,Murders,4,1,300.00%,Jan - Oct 2025,2025-12-16 15:08:46 EST
217,"Cedar Rapids, Iowa",1,135777,Murders,4,1,300.00%,Jan - Oct 2025,2025-12-16 15:08:46 EST
218,"Chandler, Arizona",1,282419,Murders,4,2,100.00%,Jan - Sep 2025,2025-12-16 15:08:46 EST
219,"Collin County, Texas",1,95286,Murders,4,2,100.00%,Jan - Oct 2025,2025-12-16 15:08:46 EST
220,"Conway, Arkansas",1,69315,Murders,4,2,100.00%,Jan - Oct 2025,2025-12-16 15:08:46 EST
221,"Davenport, Iowa",1,99911,Murders,4,8,-50.00%,Jan - Oct 2025,2025-12-16 15:08:46 EST
222,"Duluth, Minnesota",1,86570,Murders,4,3,33.33%,Jan - Oct 2025,2025-12-16 15:08:46 EST
223,"Fargo, North Dakota",1,134268,Murders,4,5,-20.00%,Jan - Oct 2025,2025-12-16 15:08:46 EST
224,"Forsyth County, North Carolina",1,111773,Murders,4,5,-20.00%,Jan - Oct 2025,2025-12-16 15:08:46 EST
225,"Guilford County, North Carolina",1,130423,Murders,4,6,-33.33%,Jan - Oct 2025,2025-12-16 15:08:46 EST
226,"Henderson, Nevada",1,337794,Murders,4,8,-50.00%,Jan - Oct 2025,2025-12-16 15:08:46 EST
227,"Howard County, Maryland",1,337780,Murders,4,6,-33.33%,Jan - Jun 2025,2025-12-16 15:08:46 EST
228,"Janesville, Wisconsin",1,66033,Murders,4,1,300.00%,Jan - Oct 2025,2025-12-16 15:08:46 EST
229,"Jefferson County, Missouri",1,167018,Murders,4,4,0.00%,Jan - Oct 2025,2025-12-16 15:08:46 EST
230,"Kaufman County, Texas",1,111179,Murders,4,2,100.00%,Jan - Oct 2025,2025-12-16 15:08:46 EST
231,"Lancaster County, South Carolina",1,100080,Murders,4,3,33.33%,Jan - Oct 2025,2025-12-16 15:08:46 EST
232,"Lee's Summit, Missouri",1,104402,Murders,4,0,NaN%,Jan - Oct 2025,2025-12-16 15:08:46 EST
233,"Lenexa, Kansas",1,59161,Murders,4,2,100.00%,Jan - Oct 2025,2025-12-16 15:08:46 EST
234,"Longview, Texas",1,82981,Murders,4,9,-55.56%,Jan - Oct 2025,2025-12-16 15:08:46 EST
235,"Midwest City, Oklahoma",1,57696,Murders,4,3,33.33%,Jan - Oct 2025,2025-12-16 15:08:46 EST
236,"Nassau County, New York",1,1077192,Murders,4,1,300.00%,Jan - Apr 2025,2025-12-16 15:08:46 EST
237,"National City, California",1,55270,Murders,4,2,100.00%,Jan - Oct 2025,2025-12-16 15:08:46 EST
238,"New Bedford, Massachusetts",1,100876,Murders,4,7,-42.86%,Jan - Oct 2025,2025-12-16 15:08:46 EST
239,"Norman, Oklahoma",1,130366,Murders,4,1,300.00%,Jan - Sep 2025,2025-12-16 15:08:46 EST
240,"Peoria, Arizona",1,200886,Murders,4,1,300.00%,Jan - Sep 2025,2025-12-16 15:08:46 EST
241,"Pima County, Arizona",1,365222,Murders,4,9,-55.56%,Jan - Oct 2025,2025-12-16 15:08:46 EST
242,"Pontiac, Michigan",1,61871,Murders,4,12,-66.67%,Jan - Oct 2025,2025-12-16 15:08:46 EST
243,"Port Arthur, Texas",1,55371,Murders,4,5,-20.00%,Jan - Aug 2025,2025-12-16 15:08:46 EST
244,"Schenectady, New York",1,69035,Murders,4,7,-42.86%,Jan - Oct 2025,2025-12-16 15:08:46 EST
245,"St. Cloud, Minnesota",1,69922,Murders,4,0,NaN%,Jan - Oct 2025,2025-12-16 15:08:46 EST
246,"St. George, Utah",1,105930,Murders,4,1,300.00%,Jan - Sep 2025,2025-12-16 15:08:46 EST
247,"Travis County, Texas",1,277111,Murders,4,5,-20.00%,Jan - Oct 2025,2025-12-16 15:08:46 EST
248,"West Jordan, Utah",1,116485,Murders,4,0,NaN%,Jan - Oct 2025,2025-12-16 15:08:46 EST
249,"Youngstown, Ohio",1,58773,Murders,4,5,-20.00%,Jan - May 2025,2025-12-16 15:08:46 EST
250,"Bellevue, Nebraska",1,62372,Murders,3,0,NaN%,Jan - Oct 2025,2025-12-16 15:08:46 EST
251,"Boulder, Colorado",1,104232,Murders,3,0,NaN%,Jan - Sep 2025,2025-12-16 15:08:46 EST
252,"Bridgeport, Connecticut",1,148483,Murders,3,11,-72.73%,Jan - Oct 2025,2025-12-16 15:08:46 EST
253,"Burlington, North Carolina",1,60156,Murders,3,4,-25.00%,Jan - Oct 2025,2025-12-16 15:08:46 EST
254,"Canton Township, Michigan",1,98915,Murders,3,3,0.00%,Jan - Oct 2025,2025-12-16 15:08:46 EST
255,"Chula Vista, California",1,280748,Murders,3,4,-25.00%,Jan - Oct 2025,2025-12-16 15:08:46 EST
256,"Clovis, California",1,126552,Murders,3,2,50.00%,Jan - Oct 2025,2025-12-16 15:08:46 EST
257,"Denton County, Texas",1,160587,Murders,3,1,200.00%,Jan - Oct 2025,2025-12-16 15:08:46 EST
258,"Erie, Pennsylvania",1,92920,Murders,3,4,-25.00%,Jan - Oct 2025,2025-12-16 15:08:46 EST
259,"Escondido, California",1,149837,Murders,3,2,50.00%,Jan - Oct 2025,2025-12-16 15:08:46 EST
260,"Fall River, Massachusetts",1,93879,Murders,3,4,-25.00%,Jan - Oct 2025,2025-12-16 15:08:46 EST
261,"Forsyth County, Georgia",1,267417,Murders,3,0,NaN%,Jan - Oct 2025,2025-12-16 15:08:46 EST
262,"Fort Collins, Colorado",1,168886,Murders,3,3,0.00%,Jan - Sep 2025,2025-12-16 15:08:46 EST
263,"Frisco, Texas",1,228527,Murders,3,0,NaN%,Jan - Oct 2025,2025-12-16 15:08:46 EST
264,"Grand Prairie, Texas",1,205487,Murders,3,4,-25.00%,Jan - Oct 2025,2025-12-16 15:08:46 EST
265,"Hall County, Georgia",1,148922,Murders,3,1,200.00%,Jan - Oct 2025,2025-12-16 15:08:46 EST
266,"Hammond, Indiana",1,75990,Murders,3,2,50.00%,Jan - Feb 2025,2025-12-16 15:08:46 EST
267,"Henrico County, Virginia",1,334046,Murders,3,16,-81.25%,Jan - Sep 2025,2025-12-16 15:08:46 EST
268,"Henry County, Georgia",1,172407,Murders,3,4,-25.00%,Jan - Aug 2025,2025-12-16 15:08:46 EST
269,"Johns Creek, Georgia",1,82646,Murders,3,0,NaN%,Jan - Oct 2025,2025-12-16 15:08:46 EST
270,"Jonesboro, Arkansas",1,80395,Murders,3,3,0.00%,Jan - Jul 2025,2025-12-16 15:08:46 EST
271,"Kalamazoo County, Michigan",1,108458,Murders,3,3,0.00%,Jan - Oct 2025,2025-12-16 15:08:46 EST
272,"Kannapolis, North Carolina",1,56479,Murders,3,4,-25.00%,Jan - Oct 2025,2025-12-16 15:08:46 EST
273,"Lafayette, Louisiana",1,121361,Murders,3,9,-66.67%,Jan - Oct 2025,2025-12-16 15:08:46 EST
274,"Lexington County, South Carolina",1,232613,Murders,3,5,-40.00%,Jan - Oct 2025,2025-12-16 15:08:46 EST
275,"Livingston Parish, Louisiana",1,134038,Murders,3,7,-57.14%,Jan - Oct 2025,2025-12-16 15:08:46 EST
276,"Loudoun County, Virginia",1,378299,Murders,3,5,-40.00%,Jan - Oct 2025,2025-12-16 15:08:46 EST
277,"Lynn, Massachusetts",1,101144,Murders,3,3,0.00%,Jan - Oct 2025,2025-12-16 15:08:46 EST
278,"Madison, Wisconsin",1,274234,Murders,3,4,-25.00%,Jan - Oct 2025,2025-12-16 15:08:46 EST
279,"Odessa, Texas",1,111922,Murders,3,4,-25.00%,Jan - Oct 2025,2025-12-16 15:08:46 EST
280,"Owensboro, Kentucky",1,59937,Murders,3,1,200.00%,Jan - Oct 2025,2025-12-16 15:08:46 EST
281,"Oxnard, California",1,199508,Murders,3,5,-40.00%,Jan - Oct 2025,2025-12-16 15:08:46 EST
282,"Parker County, Texas",1,114776,Murders,3,2,50.00%,Jan - Oct 2025,2025-12-16 15:08:46 EST
283,"Pasadena, Texas",1,145850,Murders,3,5,-40.00%,Jan - Oct 2025,2025-12-16 15:08:46 EST
284,"Pawtucket, Rhode Island",1,75100,Murders,3,3,0.00%,Jan - Oct 2025,2025-12-16 15:08:46 EST
285,"Pharr, Texas",1,80359,Murders,3,0,NaN%,Jan - Oct 2025,2025-12-16 15:08:46 EST
286,"Rapid City, South Dakota",1,80850,Murders,3,5,-40.00%,Jan - Jul 2025,2025-12-16 15:08:46 EST
287,"Rock Hill, South Carolina",1,75681,Murders,3,4,-25.00%,Jan - Oct 2025,2025-12-16 15:08:46 EST
288,"Royal Oak, Michigan",1,57233,Murders,3,0,NaN%,Jan - Oct 2025,2025-12-16 15:08:46 EST
289,"Salem, Oregon",1,178276,Murders,3,6,-50.00%,Jan - Aug 2025,2025-12-16 15:08:46 EST
290,"San Marcos, Texas",1,71413,Murders,3,0,NaN%,Jan - Oct 2025,2025-12-16 15:08:46 EST
291,"Smith County, Texas",1,111489,Murders,3,5,-40.00%,Jan - Oct 2025,2025-12-16 15:08:46 EST
292,"Sonoma County, California",1,131522,Murders,3,0,NaN%,Jan - Oct 2025,2025-12-16 15:08:46 EST
293,"Southfield, Michigan",1,74960,Murders,3,1,200.00%,Jan - Oct 2025,2025-12-16 15:08:46 EST
294,"Sparks, Nevada",1,109403,Murders,3,4,-25.00%,Jan - Oct 2025,2025-12-16 15:08:46 EST
295,"St Charles, Missouri",1,71408,Murders,3,2,50.00%,Jan - Oct 2025,2025-12-16 15:08:46 EST
296,"Taylor, Michigan",1,61781,Murders,3,3,0.00%,Jan - Oct 2025,2025-12-16 15:08:46 EST
297,"Tulare County, California",1,135511,Murders,3,9,-66.67%,Jan - Oct 2025,2025-12-16 15:08:46 EST
298,"Walnut Creek, California",1,68441,Murders,3,0,NaN%,Jan - Oct 2025,2025-12-16 15:08:46 EST
299,"Waterloo, Iowa",1,66211,Murders,3,2,50.00%,Jan - Oct 2025,2025-12-16 15:08:46 EST
300,"Westminster, Colorado",1,113660,Murders,3,5,-40.00%,Jan - Oct 2025,2025-12-16 15:08:46 EST
301,"Wichita Falls, Texas",1,102740,Murders,3,9,-66.67%,Jan - Oct 2025,2025-12-16 15:08:46 EST
302,"Adams County, Colorado",1,100798,Murders,2,4,-50.00%,Jan - Sep 2025,2025-12-16 15:08:46 EST
303,"Alameda County, California",1,148466,Murders,2,8,-75.00%,Jan - Oct 2025,2025-12-16 15:08:46 EST
304,"Alhambra, California",1,79087,Murders,2,0,NaN%,Jan - Oct 2025,2025-12-16 15:08:46 EST
305,"Allentown, Pennsylvania",1,124782,Murders,2,4,-50.00%,Jan - Oct 2025,2025-12-16 15:08:46 EST
306,"Asheville, North Carolina",1,93471,Murders,2,9,-77.78%,Jan - Oct 2025,2025-12-16 15:08:46 EST
307,"Baldwin Park, California",1,68230,Murders,2,3,-33.33%,Jan - Oct 2025,2025-12-16 15:08:46 EST
308,"Barnstable, Massachusetts",1,50034,Murders,2,1,100.00%,Jan - Aug 2025,2025-12-16 15:08:46 EST
309,"Battle Creek, Michigan",1,60969,Murders,2,5,-60.00%,Jan - Oct 2025,2025-12-16 15:08:46 EST
310,"Beaumont, California",1,57819,Murders,2,0,NaN%,Jan - Sep 2025,2025-12-16 15:08:46 EST
311,"Bellingham, Washington",1,94968,Murders,2,5,-60.00%,Jan - Oct 2025,2025-12-16 15:08:46 EST
312,"Boise, Idaho",1,236949,Murders,2,1,100.00%,Jan - Sep 2025,2025-12-16 15:08:46 EST
313,"Bossier City, Louisiana",1,62602,Murders,2,7,-71.43%,Jan - Oct 2025,2025-12-16 15:08:46 EST
314,"Bowling Green, Kentucky",1,76194,Murders,2,1,100.00%,Jan - Oct 2025,2025-12-16 15:08:46 EST
315,"Broken Arrow, Oklahoma",1,119959,Murders,2,4,-50.00%,Jan - Oct 2025,2025-12-16 15:08:46 EST
316,"Brookhaven, Georgia",1,58507,Murders,2,4,-50.00%,Jan - Sep 2025,2025-12-16 15:08:46 EST
317,"Brownsville, Texas",1,190590,Murders,2,3,-33.33%,Jan - Oct 2025,2025-12-16 15:08:46 EST
318,"Burnsville, Minnesota",1,63650,Murders,2,5,-60.00%,Jan - Oct 2025,2025-12-16 15:08:46 EST
319,"Cheyenne, Wyoming",1,64307,Murders,2,2,0.00%,Jan - Sep 2025,2025-12-16 15:08:46 EST
320,"Chicopee, Massachusetts",1,55043,Murders,2,3,-33.33%,Jan - Oct 2025,2025-12-16 15:08:46 EST
321,"Citrus Heights, California",1,85894,Murders,2,3,-33.33%,Jan - Oct 2025,2025-12-16 15:08:46 EST
322,"Clackamas County, Oregon",1,243311,Murders,2,3,-33.33%,Jan - Oct 2025,2025-12-16 15:08:46 EST
323,"Commerce City, Colorado",1,67851,Murders,2,5,-60.00%,Jan - Oct 2025,2025-12-16 15:08:46 EST
324,"Concord, North Carolina",1,111915,Murders,2,5,-60.00%,Jan - Oct 2025,2025-12-16 15:08:46 EST
325,"Council Bluffs, Iowa",1,62214,Murders,2,2,0.00%,Jan - Oct 2025,2025-12-16 15:08:46 EST
326,"Dearborn Heights, Michigan",1,61420,Murders,2,1,100.00%,Jan - Oct 2025,2025-12-16 15:08:46 EST
327,"Dearborn, Michigan",1,106747,Murders,2,0,NaN%,Jan - Oct 2025,2025-12-16 15:08:46 EST
328,"Des Moines, Iowa",1,209658,Murders,2,9,-77.78%,Jan - Oct 2025,2025-12-16 15:08:46 EST
329,"Douglas County, Colorado",1,219477,Murders,2,3,-33.33%,Jan - Sep 2025,2025-12-16 15:08:46 EST
330,"Eau Claire, Wisconsin",1,69859,Murders,2,1,100.00%,Jan - Oct 2025,2025-12-16 15:08:46 EST
331,"Edmond, Oklahoma",1,97063,Murders,2,2,0.00%,Jan - Oct 2025,2025-12-16 15:08:46 EST
332,"El Dorado County, California",1,162436,Murders,2,0,NaN%,Jan - Oct 2025,2025-12-16 15:08:46 EST
333,"El Monte, California",1,103463,Murders,2,6,-66.67%,Jan - Oct 2025,2025-12-16 15:08:46 EST
334,"Elkhart, Indiana",1,53773,Murders,2,0,NaN%,Jan - Oct 2025,2025-12-16 15:08:46 EST
335,"Enid, Oklahoma",1,50168,Murders,2,0,NaN%,Jan - Oct 2025,2025-12-16 15:08:46 EST
336,"Eugene, Oregon",1,178191,Murders,2,2,0.00%,Jan - Oct 2025,2025-12-16 15:08:46 EST
337,"Fayetteville, Arkansas",1,101624,Murders,2,8,-75.00%,Jan - Oct 2025,2025-12-16 15:08:46 EST
338,"Folsom, California",1,84559,Murders,2,4,-50.00%,Jan - Oct 2025,2025-12-16 15:08:46 EST
339,"Franklin, Tennessee",1,88315,Murders,2,0,NaN%,Jan - Oct 2025,2025-12-16 15:08:46 EST
340,"Goodyear, Arizona",1,109929,Murders,2,0,NaN%,Jan - Oct 2025,2025-12-16 15:08:46 EST
341,"Green Bay, Wisconsin",1,105521,Murders,2,2,0.00%,Jan - Oct 2025,2025-12-16 15:08:46 EST
342,"Greenville, South Carolina",1,72961,Murders,2,7,-71.43%,Jan - Sep 2025,2025-12-16 15:08:46 EST
343,"Hamilton Township, New Jersey",1,120098,Murders,2,0,NaN%,Jan - Oct 2025,2025-12-16 15:08:46 EST
344,"Hillsboro, Oregon",1,107459,Murders,2,0,NaN%,Jan - Oct 2025,2025-12-16 15:08:46 EST
345,"Iowa City, Iowa",1,75396,Murders,2,0,NaN%,Jan - Oct 2025,2025-12-16 15:08:46 EST
346,"Irving, Texas",1,255203,Murders,2,18,-88.89%,Jan - Oct 2025,2025-12-16 15:08:46 EST
347,"Kent County, Michigan",1,267237,Murders,2,0,NaN%,Jan - Oct 2025,2025-12-16 15:08:46 EST
348,"Knox County, Tennessee",1,304331,Murders,2,2,0.00%,Jan - Oct 2025,2025-12-16 15:08:46 EST
349,"Kokomo, Indiana",1,59720,Murders,2,2,0.00%,Jan - Aug 2025,2025-12-16 15:08:46 EST
350,"La Mesa, California",1,60008,Murders,2,2,0.00%,Jan - Oct 2025,2025-12-16 15:08:46 EST
351,"Lansing, Michigan",1,112529,Murders,2,3,-33.33%,Jan - Apr 2025,2025-12-16 15:08:46 EST
352,"Lawrence, Massachusetts",1,87806,Murders,2,7,-71.43%,Jan - Oct 2025,2025-12-16 15:08:46 EST
353,"League City, Texas",1,115791,Murders,2,4,-50.00%,Jan - Oct 2025,2025-12-16 15:08:46 EST
354,"Leander, Texas",1,82228,Murders,2,0,NaN%,Jan - Oct 2025,2025-12-16 15:08:46 EST
355,"Little Elm, Texas",1,59954,Murders,2,2,0.00%,Jan - Oct 2025,2025-12-16 15:08:46 EST
356,"Manchester, New Hampshire",1,114963,Murders,2,2,0.00%,Jan - Oct 2025,2025-12-16 15:08:46 EST
357,"Medford, Oregon",1,85352,Murders,2,2,0.00%,Jan - Sep 2025,2025-12-16 15:08:46 EST
358,"Midland, Texas",1,135253,Murders,2,7,-71.43%,Jan - Oct 2025,2025-12-16 15:08:46 EST
359,"Mission Viejo, California",1,90944,Murders,2,0,NaN%,Jan - Aug 2025,2025-12-16 15:08:46 EST
360,"Missouri City, Texas",1,77560,Murders,2,1,100.00%,Jan - Sep 2025,2025-12-16 15:08:46 EST
361,"Murfreesboro, Tennessee",1,166916,Murders,2,5,-60.00%,Jan - Oct 2025,2025-12-16 15:08:46 EST
362,"Napa, California",1,77956,Murders,2,4,-50.00%,Jan - Oct 2025,2025-12-16 15:08:46 EST
363,"New Britain, Connecticut",1,74609,Murders,2,3,-33.33%,Jan - Oct 2025,2025-12-16 15:08:46 EST
364,"New Rochelle, New York",1,83357,Murders,2,0,NaN%,Jan - Sep 2025,2025-12-16 15:08:46 EST
365,"Ogden, Utah",1,86593,Murders,2,1,100.00%,Jan - Oct 2025,2025-12-16 15:08:46 EST
366,"Onslow County, North Carolina",1,125993,Murders,2,5,-60.00%,Jan - Sep 2025,2025-12-16 15:08:46 EST
367,"Paulding County, Georgia",1,162740,Murders,2,3,-33.33%,Jan - Oct 2025,2025-12-16 15:08:46 EST
368,"Pearland, Texas",1,127433,Murders,2,3,-33.33%,Jan - Oct 2025,2025-12-16 15:08:46 EST
369,"Pflugerville, Texas",1,65599,Murders,2,1,100.00%,Jan - Oct 2025,2025-12-16 15:08:46 EST
370,"Plano, Texas",1,291140,Murders,2,3,-33.33%,Jan - Oct 2025,2025-12-16 15:08:46 EST
371,"Pleasanton, California",1,75238,Murders,2,1,100.00%,Jan - Oct 2025,2025-12-16 15:08:46 EST
372,"Providence, Rhode Island",1,189590,Murders,2,11,-81.82%,Jan - Oct 2025,2025-12-16 15:08:46 EST
373,"Racine, Wisconsin",1,75858,Murders,2,3,-33.33%,Jan - Oct 2025,2025-12-16 15:08:46 EST
374,"Richardson, Texas",1,119008,Murders,2,2,0.00%,Jan - Oct 2025,2025-12-16 15:08:46 EST
375,"Richmond, California",1,113282,Murders,2,11,-81.82%,Jan - Oct 2025,2025-12-16 15:08:46 EST
376,"Roseville, California",1,158084,Murders,2,2,0.00%,Jan - Oct 2025,2025-12-16 15:08:46 EST
377,"Round Rock, Texas",1,129898,Murders,2,2,0.00%,Jan - Oct 2025,2025-12-16 15:08:46 EST
378,"Rutherford County, Tennessee",1,104616,Murders,2,0,NaN%,Jan - Oct 2025,2025-12-16 15:08:46 EST
379,"San Angelo, Texas",1,98642,Murders,2,4,-50.00%,Jan - Oct 2025,2025-12-16 15:08:46 EST
380,"San Mateo County, California",1,127963,Murders,2,1,100.00%,Jan - Oct 2025,2025-12-16 15:08:46 EST
381,"Santa Monica, California",1,88552,Murders,2,2,0.00%,Jan - Jun 2025,2025-12-16 15:08:46 EST
382,"Shelby Township, Michigan",1,79545,Murders,2,0,NaN%,Jan - Oct 2025,2025-12-16 15:08:46 EST
383,"Southaven, Mississippi",1,57135,Murders,2,1,100.00%,Jan - Oct 2025,2025-12-16 15:08:46 EST
384,"Spring Hill, Tennessee",1,58200,Murders,2,0,NaN%,Jan - Oct 2025,2025-12-16 15:08:46 EST
385,"St. Mary's County, Maryland",1,115684,Murders,2,1,100.00%,Jan - Aug 2025,2025-12-16 15:08:46 EST
386,"Stafford County, Virginia",1,166413,Murders,2,1,100.00%,Jan - Oct 2025,2025-12-16 15:08:46 EST
387,"Suffolk, Virginia",1,100598,Murders,2,10,-80.00%,Jan - Oct 2025,2025-12-16 15:08:46 EST
388,"Terre Haute, Indiana",1,58309,Murders,2,2,0.00%,Jan - Sep 2025,2025-12-16 15:08:46 EST
389,"Texas City, Texas",1,57448,Murders,2,5,-60.00%,Jan - Oct 2025,2025-12-16 15:08:46 EST
390,"Thornton, Colorado",1,143838,Murders,2,2,0.00%,Jan - Oct 2025,2025-12-16 15:08:46 EST
391,"Thousand Oaks, California",1,123032,Murders,2,2,0.00%,Jan - Oct 2025,2025-12-16 15:08:46 EST
392,"Thurston County, Washington",1,145385,Murders,2,2,0.00%,Jan - Oct 2025,2025-12-16 15:08:46 EST
393,"Torrance, California",1,138472,Murders,2,0,NaN%,Jan - Oct 2025,2025-12-16 15:08:46 EST
394,"Tulare, California",1,71428,Murders,2,5,-60.00%,Jan - Sep 2025,2025-12-16 15:08:46 EST
395,"Tustin, California",1,77690,Murders,2,0,NaN%,Jan - Aug 2025,2025-12-16 15:08:46 EST
396,"Upper Darby, Pennsylvania",1,84468,Murders,2,3,-33.33%,Jan - Oct 2025,2025-12-16 15:08:46 EST
397,"Utica, New York",1,63548,Murders,2,5,-60.00%,Jan - Oct 2025,2025-12-16 15:08:46 EST
398,"Warren, Michigan",1,136121,Murders,2,4,-50.00%,Jan - Oct 2025,2025-12-16 15:08:46 EST
399,"Waterford Township, Michigan",1,69153,Murders,2,0,NaN%,Jan - Oct 2025,2025-12-16 15:08:46 EST
400,"West Covina, California",1,103014,Murders,2,3,-33.33%,Jan - Oct 2025,2025-12-16 15:08:46 EST
401,"Westland, Michigan",1,83463,Murders,2,3,-33.33%,Jan - Oct 2025,2025-12-16 15:08:46 EST
402,"Westminster, California",1,88710,Murders,2,3,-33.33%,Jan - Sep 2025,2025-12-16 15:08:46 EST
403,"Abington, Pennsylvania",1,58433,Murders,1,0,NaN%,Jan - Oct 2025,2025-12-16 15:08:46 EST
404,"Ada County, Idaho",1,138487,Murders,1,2,-50.00%,Jan - Oct 2025,2025-12-16 15:08:46 EST
405,"Allen, Texas",1,114696,Murders,1,0,NaN%,Jan - Oct 2025,2025-12-16 15:08:46 EST
406,"Ames, Iowa",1,67186,Murders,1,0,NaN%,Jan - Oct 2025,2025-12-16 15:08:46 EST
407,"Ann Arbor, Michigan",1,118072,Murders,1,0,NaN%,Jan - Oct 2025,2025-12-16 15:08:46 EST
408,"Apple Valley, Minnesota",1,54995,Murders,1,0,NaN%,Jan - Oct 2025,2025-12-16 15:08:46 EST
409,"Arapahoe County, Colorado",1,104204,Murders,1,2,-50.00%,Jan - Oct 2025,2025-12-16 15:08:46 EST
410,"Arcadia, California",1,54071,Murders,1,0,NaN%,Jan - Oct 2025,2025-12-16 15:08:46 EST
411,"Arlington County, Virginia",1,231844,Murders,1,0,NaN%,Jan - Oct 2025,2025-12-16 15:08:46 EST
412,"Arvada, Colorado",1,120200,Murders,1,0,NaN%,Jan - Oct 2025,2025-12-16 15:08:46 EST
413,"Avondale, Arizona",1,92661,Murders,1,3,-66.67%,Jan - Sep 2025,2025-12-16 15:08:46 EST
414,"Beaverton, Oregon",1,96840,Murders,1,1,0.00%,Jan - Sep 2025,2025-12-16 15:08:46 EST
415,"Bend, Oregon",1,105099,Murders,1,3,-66.67%,Jan - Oct 2025,2025-12-16 15:08:46 EST
416,"Bensalem, Pennsylvania",1,62595,Murders,1,0,NaN%,Jan - Mar 2025,2025-12-16 15:08:46 EST
417,"Bentonville, Arkansas",1,59465,Murders,1,3,-66.67%,Jan - Oct 2025,2025-12-16 15:08:46 EST
418,"Berkeley, California",1,116595,Murders,1,6,-83.33%,Jan - Oct 2025,2025-12-16 15:08:46 EST
419,"Bloomington, Minnesota",1,86793,Murders,1,1,0.00%,Jan - Oct 2025,2025-12-16 15:08:46 EST
420,"Bolingbrook, Illinois",1,74138,Murders,1,1,0.00%,Jan - Oct 2025,2025-12-16 15:08:46 EST
421,"Bowie, Maryland",1,56678,Murders,1,0,NaN%,Jan - Oct 2025,2025-12-16 15:08:46 EST
422,"Bozeman, Montana",1,57424,Murders,1,0,NaN%,Jan - Oct 2025,2025-12-16 15:08:46 EST
423,"Brooklyn Park, Minnesota",1,81920,Murders,1,3,-66.67%,Jan - Oct 2025,2025-12-16 15:08:46 EST
424,"Burleson, Texas",1,56307,Murders,1,0,NaN%,Jan - Oct 2025,2025-12-16 15:08:46 EST
425,"Burlington, Vermont",1,44522,Murders,1,1,0.00%,Jan - Oct 2025,2025-12-16 15:08:46 EST
426,"Caldwell, Idaho",1,68731,Murders,1,1,0.00%,Jan - Aug 2025,2025-12-16 15:08:46 EST
427,"Camarillo, California",1,70010,Murders,1,1,0.00%,Jan - Oct 2025,2025-12-16 15:08:46 EST
428,"Cambridge, Massachusetts",1,118960,Murders,1,0,NaN%,Jan - Oct 2025,2025-12-16 15:08:46 EST
429,"Cameron County, Texas",1,95894,Murders,1,3,-66.67%,Jan - Oct 2025,2025-12-16 15:08:46 EST
430,"Carrollton, Texas",1,134261,Murders,1,1,0.00%,Jan - Oct 2025,2025-12-16 15:08:46 EST
431,"Cary, North Carolina",1,182878,Murders,1,0,NaN%,Jan - Oct 2025,2025-12-16 15:08:46 EST
432,"Cedar Park, Texas",1,77464,Murders,1,3,-66.67%,Jan - Oct 2025,2025-12-16 15:08:46 EST
433,"Centennial, Colorado",1,104724,Murders,1,0,NaN%,Jan - Oct 2025,2025-12-16 15:08:46 EST
434,"Chico, California",1,100896,Murders,1,2,-50.00%,Jan - Oct 2025,2025-12-16 15:08:46 EST
435,"Chino, California",1,94162,Murders,1,3,-66.67%,Jan - Oct 2025,2025-12-16 15:08:46 EST
436,"Clinton Township, Michigan",1,99012,Murders,1,3,-66.67%,Jan - Oct 2025,2025-12-16 15:08:46 EST
437,"Coeur D Alene, Idaho",1,57653,Murders,1,0,NaN%,Jan - Oct 2025,2025-12-16 15:08:46 EST
438,"College Station, Texas",1,126136,Murders,1,3,-66.67%,Jan - Oct 2025,2025-12-16 15:08:46 EST
439,"Concord, California",1,121331,Murders,1,2,-50.00%,Jan - Oct 2025,2025-12-16 15:08:46 EST
440,"Conroe, Texas",1,106904,Murders,1,1,0.00%,Jan - Oct 2025,2025-12-16 15:08:46 EST
441,"Cranston, Rhode Island",1,82484,Murders,1,1,0.00%,Jan - Oct 2025,2025-12-16 15:08:46 EST
442,"Cuyahoga Falls, Ohio",1,50459,Murders,1,1,0.00%,Jan - Oct 2025,2025-12-16 15:08:46 EST
443,"Danbury, Connecticut",1,87327,Murders,1,0,NaN%,Jan - Oct 2025,2025-12-16 15:08:46 EST
444,"Delaware County, Ohio",1,104939,Murders,1,2,-50.00%,Jan - Oct 2025,2025-12-16 15:08:46 EST
445,"Desoto, Texas",1,56257,Murders,1,1,0.00%,Jan - Oct 2025,2025-12-16 15:08:46 EST
446,"Douglas County, Nebraska",1,94490,Murders,1,0,NaN%,Jan - Oct 2025,2025-12-16 15:08:46 EST
447,"Edina, Minnesota",1,51980,Murders,1,0,NaN%,Jan - Oct 2025,2025-12-16 15:08:46 EST
448,"Elizabeth, New Jersey",1,133578,Murders,1,4,-75.00%,Jan - Oct 2025,2025-12-16 15:08:46 EST
449,"Elyria, Ohio",1,53024,Murders,1,2,-50.00%,Jan - Oct 2025,2025-12-16 15:08:46 EST
450,"Euclid, Ohio",1,48170,Murders,1,5,-80.00%,Jan - Oct 2025,2025-12-16 15:08:46 EST
451,"Euless, Texas",1,59722,Murders,1,1,0.00%,Jan - Oct 2025,2025-12-16 15:08:46 EST
452,"Gardena, California",1,57853,Murders,1,3,-66.67%,Jan - Oct 2025,2025-12-16 15:08:46 EST
453,"Glendale, California",1,185923,Murders,1,3,-66.67%,Jan - Oct 2025,2025-12-16 15:08:46 EST
454,"Great Falls, Montana",1,60358,Murders,1,0,NaN%,Jan - Oct 2025,2025-12-16 15:08:46 EST
455,"Hamilton County, Tennessee",1,124372,Murders,1,2,-50.00%,Jan - Oct 2025,2025-12-16 15:08:46 EST
456,"Hamilton, Ohio",1,62705,Murders,1,1,0.00%,Jan - Sep 2025,2025-12-16 15:08:46 EST
457,"Harlingen, Texas",1,71581,Murders,1,1,0.00%,Jan - Oct 2025,2025-12-16 15:08:46 EST
458,"Hendersonville, Tennessee",1,63291,Murders,1,2,-50.00%,Jan - Oct 2025,2025-12-16 15:08:46 EST
459,"Hoboken, New Jersey",1,56832,Murders,1,1,0.00%,Jan - Oct 2025,2025-12-16 15:08:46 EST
460,"Huntersville, North Carolina",1,63781,Murders,1,1,0.00%,Jan - Oct 2025,2025-12-16 15:08:46 EST
461,"Jeffersonville, Indiana",1,51780,Murders,1,0,NaN%,Jan - Mar 2025,2025-12-16 15:08:46 EST
462,"Johnson City, Tennessee",1,73225,Murders,1,4,-75.00%,Jan - Oct 2025,2025-12-16 15:08:46 EST
463,"Joplin, Missouri",1,52881,Murders,1,0,NaN%,Jan - Oct 2025,2025-12-16 15:08:46 EST
464,"Kenosha, Wisconsin",1,97786,Murders,1,3,-66.67%,Jan - Oct 2025,2025-12-16 15:08:46 EST
465,"La Crosse, Wisconsin",1,50759,Murders,1,1,0.00%,Jan - Oct 2025,2025-12-16 15:08:46 EST
466,"Livingston County, Michigan",1,129813,Murders,1,0,NaN%,Jan - Oct 2025,2025-12-16 15:08:46 EST
467,"Logan, Utah",1,55645,Murders,1,0,NaN%,Jan - Oct 2025,2025-12-16 15:08:46 EST
468,"Lorain, Ohio",1,65436,Murders,1,2,-50.00%,Jan - Oct 2025,2025-12-16 15:08:46 EST
469,"Loveland, Colorado",1,78656,Murders,1,1,0.00%,Jan - Oct 2025,2025-12-16 15:08:46 EST
470,"Lowell, Massachusetts",1,113124,Murders,1,4,-75.00%,Jan - Sep 2025,2025-12-16 15:08:46 EST
471,"Lower Paxton, Pennsylvania",1,55204,Murders,1,0,NaN%,Jan - Oct 2025,2025-12-16 15:08:46 EST
472,"Manchester, Connecticut",1,59408,Murders,1,1,0.00%,Jan - Sep 2025,2025-12-16 15:08:46 EST
473,"Mansfield, Texas",1,78788,Murders,1,2,-50.00%,Jan - Oct 2025,2025-12-16 15:08:46 EST
474,"Manteca, California",1,88518,Murders,1,1,0.00%,Jan - Oct 2025,2025-12-16 15:08:46 EST
475,"Marietta, Georgia",1,63407,Murders,1,2,-50.00%,Jan - Aug 2025,2025-12-16 15:08:46 EST
476,"Miami Beach, Florida",1,78824,Murders,1,3,-66.67%,Jan - Oct 2025,2025-12-16 15:08:46 EST
477,"Milford, Connecticut",1,53011,Murders,1,1,0.00%,Jan - Sep 2025,2025-12-16 15:08:46 EST
478,"Millcreek, Pennsylvania",1,53119,Murders,1,0,NaN%,Jan - Oct 2025,2025-12-16 15:08:46 EST
479,"Mission, Texas",1,87031,Murders,1,4,-75.00%,Jan - Oct 2025,2025-12-16 15:08:46 EST
480,"Mountain View, California",1,80382,Murders,1,0,NaN%,Jan - Oct 2025,2025-12-16 15:08:46 EST
481,"Nampa, Idaho",1,116116,Murders,1,2,-50.00%,Jan - Aug 2025,2025-12-16 15:08:46 EST
482,"New Braunfels, Texas",1,111942,Murders,1,2,-50.00%,Jan - Oct 2025,2025-12-16 15:08:46 EST
483,"O'Fallon, Missouri",1,94702,Murders,1,0,NaN%,Jan - Sep 2025,2025-12-16 15:08:46 EST
484,"Oshkosh, Wisconsin",1,65548,Murders,1,4,-75.00%,Jan - Oct 2025,2025-12-16 15:08:46 EST
485,"Palatine, Illinois",1,64407,Murders,1,0,NaN%,Jan - Oct 2025,2025-12-16 15:08:46 EST
486,"Parker, Colorado",1,62431,Murders,1,2,-50.00%,Jan - Oct 2025,2025-12-16 15:08:46 EST
487,"Parma, Ohio",1,78913,Murders,1,0,NaN%,Jan - Aug 2025,2025-12-16 15:08:46 EST
488,"Pasadena, California",1,132210,Murders,1,0,NaN%,Jan - Oct 2025,2025-12-16 15:08:46 EST
489,"Placer County, California",1,125007,Murders,1,3,-66.67%,Jan - Oct 2025,2025-12-16 15:08:46 EST
490,"Provo, Utah",1,112743,Murders,1,0,NaN%,Jan - Sep 2025,2025-12-16 15:08:46 EST
491,"Redwood City, California",1,78765,Murders,1,1,0.00%,Jan - Oct 2025,2025-12-16 15:08:46 EST
492,"Rochester Hills, Michigan",1,75845,Murders,1,1,0.00%,Jan - Oct 2025,2025-12-16 15:08:46 EST
493,"Roswell, Georgia",1,93241,Murders,1,1,0.00%,Jan - Oct 2025,2025-12-16 15:08:46 EST
494,"Rowlett, Texas",1,66671,Murders,1,0,NaN%,Jan - Oct 2025,2025-12-16 15:08:46 EST
495,"Santa Cruz County, California",1,128246,Murders,1,3,-66.67%,Jan - Oct 2025,2025-12-16 15:08:46 EST
496,"Saratoga County, New York",1,183036,Murders,1,2,-50.00%,Jan - Sep 2025,2025-12-16 15:08:46 EST
497,"Schaumburg, Illinois",1,75140,Murders,1,0,NaN%,Jan - Oct 2025,2025-12-16 15:08:46 EST
498,"Scranton, Pennsylvania",1,75687,Murders,1,6,-83.33%,Jan - Oct 2025,2025-12-16 15:08:46 EST
499,"Simi Valley, California",1,123443,Murders,1,3,-66.67%,Jan - Oct 2025,2025-12-16 15:08:46 EST
500,"Sioux City, Iowa",1,85365,Murders,1,3,-66.67%,Jan - Oct 2025,2025-12-16 15:08:46 EST
501,"Spokane Valley, Washington",1,109278,Murders,1,1,0.00%,Jan - Oct 2025,2025-12-16 15:08:46 EST
502,"St Charles County, Missouri",1,119176,Murders,1,1,0.00%,Jan - Oct 2025,2025-12-16 15:08:46 EST
503,"St Joseph County, Indiana",1,109381,Murders,1,0,NaN%,Jan - Mar 2025,2025-12-16 15:08:46 EST
504,"St Joseph, Missouri",1,69925,Murders,1,2,-50.00%,Jan - Oct 2025,2025-12-16 15:08:46 EST
505,"St. Clair Shores, Michigan",1,57257,Murders,1,0,NaN%,Jan - Oct 2025,2025-12-16 15:08:46 EST
506,"Stark County, Ohio",1,117590,Murders,1,3,-66.67%,Jan - Oct 2025,2025-12-16 15:08:46 EST
507,"Sterling Heights, Michigan",1,131801,Murders,1,1,0.00%,Jan - Oct 2025,2025-12-16 15:08:46 EST
508,"Sugar Land, Texas",1,108718,Murders,1,1,0.00%,Jan - Oct 2025,2025-12-16 15:08:46 EST
509,"Sunnyvale, California",1,152031,Murders,1,1,0.00%,Jan - Oct 2025,2025-12-16 15:08:46 EST
510,"Tracy, California",1,99347,Murders,1,3,-66.67%,Jan - Oct 2025,2025-12-16 15:08:46 EST
511,"Troy, Michigan",1,87265,Murders,1,0,NaN%,Jan - Oct 2025,2025-12-16 15:08:46 EST
512,"Union County, North Carolina",1,170556,Murders,1,2,-50.00%,Jan - Jun 2025,2025-12-16 15:08:46 EST
513,"Vacaville, California",1,101975,Murders,1,1,0.00%,Jan - Sep 2025,2025-12-16 15:08:46 EST
514,"Ventura, California",1,109035,Murders,1,2,-50.00%,Jan - Oct 2025,2025-12-16 15:08:46 EST
515,"Warren County, Ohio",1,102918,Murders,1,2,-50.00%,Jan - Oct 2025,2025-12-16 15:08:46 EST
516,"Washington County, Maryland",1,104179,Murders,1,1,0.00%,Jan - Oct 2025,2025-12-16 15:08:46 EST
517,"West Allis, Wisconsin",1,58505,Murders,1,0,NaN%,Jan - Oct 2025,2025-12-16 15:08:46 EST
518,"Wyoming, Michigan",1,76712,Murders,1,3,-66.67%,Jan - Oct 2025,2025-12-16 15:08:46 EST
519,"Alameda, California",1,75061,Murders,0,6,-100.00%,Jan - Oct 2025,2025-12-16 15:08:46 EST
520,"Alexandria, Virginia",1,153897,Murders,0,1,-100.00%,Jan - Oct 2025,2025-12-16 15:08:46 EST
521,"Aliso Viejo, California",1,50736,Murders,0,0,0.00%,Jan - Oct 2025,2025-12-16 15:08:46 EST
522,"Alpharetta, Georgia",1,68139,Murders,0,1,-100.00%,Jan - Oct 2025,2025-12-16 15:08:46 EST
523,"Anderson, Indiana",1,55275,Murders,0,2,-100.00%,Jan - Sep 2025,2025-12-16 15:08:46 EST
524,"Ankeny, Iowa",1,74233,Murders,0,0,0.00%,Jan - Oct 2025,2025-12-16 15:08:46 EST
525,"Appleton, Wisconsin",1,73921,Murders,0,1,-100.00%,Jan - Oct 2025,2025-12-16 15:08:46 EST
526,"Arlington Heights, Illinois",1,74094,Murders,0,0,0.00%,Jan - Oct 2025,2025-12-16 15:08:46 EST
527,"Bartlett, Tennessee",1,56324,Murders,0,0,0.00%,Jan - Sep 2025,2025-12-16 15:08:46 EST
528,"Bethlehem, Pennsylvania",1,78606,Murders,0,2,-100.00%,Jan - Oct 2025,2025-12-16 15:08:46 EST
529,"Bismarck, North Dakota",1,74802,Murders,0,1,-100.00%,Jan - Oct 2025,2025-12-16 15:08:46 EST
530,"Blaine, Minnesota",1,72384,Murders,0,2,-100.00%,Jan - Oct 2025,2025-12-16 15:08:46 EST
531,"Bloomfield, New Jersey",1,53181,Murders,0,0,0.00%,Jan - Oct 2025,2025-12-16 15:08:46 EST
532,"Blue Springs, Missouri",1,59896,Murders,0,3,-100.00%,Jan - Oct 2025,2025-12-16 15:08:46 EST
533,"Boone County, Kentucky",1,107867,Murders,0,5,-100.00%,Jan - Oct 2025,2025-12-16 15:08:46 EST
534,"Brentwood, California",1,66976,Murders,0,0,0.00%,Jan - Oct 2025,2025-12-16 15:08:46 EST
535,"Bristol, Connecticut",1,61609,Murders,0,2,-100.00%,Jan - Oct 2025,2025-12-16 15:08:46 EST
536,"Brookline, Massachusetts",1,62639,Murders,0,0,0.00%,Jan - Feb 2025,2025-12-16 15:08:46 EST
537,"Broomfield, Colorado",1,77072,Murders,0,1,-100.00%,Jan - Oct 2025,2025-12-16 15:08:46 EST
538,"Buckeye, Arizona",1,112048,Murders,0,2,-100.00%,Jan - Oct 2025,2025-12-16 15:08:46 EST
539,"Buena Park, California",1,81753,Murders,0,0,0.00%,Jan - Oct 2025,2025-12-16 15:08:46 EST
540,"Burbank, California",1,102345,Murders,0,2,-100.00%,Jan - Oct 2025,2025-12-16 15:08:46 EST
541,"Canton, Ohio",1,69164,Murders,0,2,-100.00%,Jan - Sep 2025,2025-12-16 15:08:46 EST
542,"Carmel, Indiana",1,103013,Murders,0,0,0.00%,Jan - Oct 2025,2025-12-16 15:08:46 EST
543,"Casa Grande, Arizona",1,63228,Murders,0,3,-100.00%,Jan - Oct 2025,2025-12-16 15:08:46 EST
544,"Castle Rock, Colorado",1,83546,Murders,0,0,0.00%,Jan - Oct 2025,2025-12-16 15:08:46 EST
545,"Chapel Hill, North Carolina",1,65066,Murders,0,1,-100.00%,Jan - Oct 2025,2025-12-16 15:08:46 EST
546,"Cherry Hill Township, New Jersey",1,78082,Murders,0,0,0.00%,Jan - Oct 2025,2025-12-16 15:08:46 EST
547,"Cicero, Illinois",1,80455,Murders,0,4,-100.00%,Jan - Oct 2025,2025-12-16 15:08:46 EST
548,"Clifton, New Jersey",1,88361,Murders,0,1,-100.00%,Jan - Oct 2025,2025-12-16 15:08:46 EST
549,"Collierville, Tennessee",1,51686,Murders,0,0,0.00%,Jan - Sep 2025,2025-12-16 15:08:46 EST
550,"Colonie Town, New York",1,80724,Murders,0,0,0.00%,Jan - Oct 2025,2025-12-16 15:08:46 EST
551,"Comal County, Texas",1,94653,Murders,0,2,-100.00%,Jan - Oct 2025,2025-12-16 15:08:46 EST
552,"Coon Rapids, Minnesota",1,62391,Murders,0,4,-100.00%,Jan - Oct 2025,2025-12-16 15:08:46 EST
553,"Corvallis, Oregon",1,61474,Murders,0,1,-100.00%,Jan - Aug 2025,2025-12-16 15:08:46 EST
554,"Daly City, California",1,97774,Murders,0,1,-100.00%,Jan - Oct 2025,2025-12-16 15:08:46 EST
555,"Davis, California",1,67193,Murders,0,1,-100.00%,Jan - Oct 2025,2025-12-16 15:08:46 EST
556,"Des Plaines, Illinois",1,57672,Murders,0,0,0.00%,Jan - Oct 2025,2025-12-16 15:08:46 EST
557,"Draper, Utah",1,50588,Murders,0,1,-100.00%,Jan - Oct 2025,2025-12-16 15:08:46 EST
558,"Dublin, Ohio",1,48827,Murders,0,0,0.00%,Jan - Oct 2025,2025-12-16 15:08:46 EST
559,"Dubuque, Iowa",1,58492,Murders,0,1,-100.00%,Jan - Oct 2025,2025-12-16 15:08:46 EST
560,"Dunwoody, Georgia",1,52505,Murders,0,1,-100.00%,Jan - Oct 2025,2025-12-16 15:08:46 EST
561,"Eagan, Minnesota",1,66943,Murders,0,0,0.00%,Jan - Oct 2025,2025-12-16 15:08:46 EST
562,"East Hartford, Connecticut",1,50625,Murders,0,3,-100.00%,Jan - Oct 2025,2025-12-16 15:08:46 EST
563,"Eden Prairie, Minnesota",1,61645,Murders,0,1,-100.00%,Jan - Oct 2025,2025-12-16 15:08:46 EST
564,"Edinburg, Texas",1,106137,Murders,0,2,-100.00%,Jan - Oct 2025,2025-12-16 15:08:46 EST
565,"Evanston, Illinois",1,74413,Murders,0,0,0.00%,Jan - Sep 2025,2025-12-16 15:08:46 EST
566,"Everett, Massachusetts",1,49740,Murders,0,0,0.00%,Jan - Oct 2025,2025-12-16 15:08:46 EST
567,"Fairfield, Connecticut",1,63588,Murders,0,0,0.00%,Jan - Oct 2025,2025-12-16 15:08:46 EST
568,"Farmington Hills, Michigan",1,82223,Murders,0,1,-100.00%,Jan - Oct 2025,2025-12-16 15:08:46 EST
569,"Fishers, Indiana",1,103247,Murders,0,1,-100.00%,Jan - Oct 2025,2025-12-16 15:08:46 EST
570,"Flagstaff, Arizona",1,75343,Murders,0,2,-100.00%,Jan - Feb 2025,2025-12-16 15:08:46 EST
571,"Flower Mound, Texas",1,79513,Murders,0,0,0.00%,Jan - Oct 2025,2025-12-16 15:08:46 EST
572,"Fountain Valley, California",1,55419,Murders,0,0,0.00%,Jan - Oct 2025,2025-12-16 15:08:46 EST
573,"Framingham, Massachusetts",1,70624,Murders,0,0,0.00%,Jan - Jun 2025,2025-12-16 15:08:46 EST
574,"Fremont, California",1,220775,Murders,0,0,0.00%,Jan - Jan 2025,2025-12-16 15:08:46 EST
575,"Fullerton, California",1,139131,Murders,0,1,-100.00%,Jan - Oct 2025,2025-12-16 15:08:46 EST
576,"Gilroy, California",1,57331,Murders,0,0,0.00%,Jan - Oct 2025,2025-12-16 15:08:46 EST
577,"Grand Forks, North Dakota",1,58470,Murders,0,3,-100.00%,Jan - Oct 2025,2025-12-16 15:08:46 EST
578,"Grand Island, Nebraska",1,52264,Murders,0,0,0.00%,Jan - Oct 2025,2025-12-16 15:08:46 EST
579,"Grand Junction, Colorado",1,69240,Murders,0,3,-100.00%,Jan - Oct 2025,2025-12-16 15:08:46 EST
580,"Grapevine, Texas",1,51458,Murders,0,1,-100.00%,Jan - Oct 2025,2025-12-16 15:08:46 EST
581,"Green Township, Ohio",1,59277,Murders,0,1,-100.00%,Jan - Oct 2025,2025-12-16 15:08:46 EST
582,"Greenwich, Connecticut",1,63777,Murders,0,0,0.00%,Jan - Sep 2025,2025-12-16 15:08:46 EST
583,"Hamden, Connecticut",1,60691,Murders,0,1,-100.00%,Jan - Sep 2025,2025-12-16 15:08:46 EST
584,"Hanover County, Virginia",1,106595,Murders,0,1,-100.00%,Jan - Oct 2025,2025-12-16 15:08:46 EST
585,"Harrisonburg, Virginia",1,50928,Murders,0,0,0.00%,Jan - Oct 2025,2025-12-16 15:08:46 EST
586,"Haverford, Pennsylvania",1,50505,Murders,0,0,0.00%,Jan - Jun 2025,2025-12-16 15:08:46 EST
587,"Haverhill, Massachusetts",1,67133,Murders,0,0,0.00%,Jan - Oct 2025,2025-12-16 15:08:46 EST
588,"Hays County, Texas",1,130433,Murders,0,0,0.00%,Jan - Oct 2025,2025-12-16 15:08:46 EST
589,"Hempstead Village, New York",1,58071,Murders,0,2,-100.00%,Jan - Sep 2025,2025-12-16 15:08:46 EST
590,"Idaho Falls, Idaho",1,68662,Murders,0,2,-100.00%,Jan - Sep 2025,2025-12-16 15:08:46 EST
591,"Iredell County, North Carolina",1,111895,Murders,0,2,-100.00%,Jan - Oct 2025,2025-12-16 15:08:46 EST
592,"Irvine, California",1,316132,Murders,0,5,-100.00%,Jan - Oct 2025,2025-12-16 15:08:46 EST
593,"Jefferson County, Colorado",1,194994,Murders,0,2,-100.00%,Jan - Oct 2025,2025-12-16 15:08:46 EST
594,"Kentwood, Michigan",1,53979,Murders,0,1,-100.00%,Jan - Feb 2025,2025-12-16 15:08:46 EST
595,"Kettering, Ohio",1,56633,Murders,0,0,0.00%,Jan - Oct 2025,2025-12-16 15:08:46 EST
596,"Kingsport, Tennessee",1,56522,Murders,0,1,-100.00%,Jan - Oct 2025,2025-12-16 15:08:46 EST
597,"Kyle, Texas",1,63931,Murders,0,1,-100.00%,Jan - Oct 2025,2025-12-16 15:08:46 EST
598,"Laguna Niguel, California",1,63502,Murders,0,0,0.00%,Jan - Sep 2025,2025-12-16 15:08:46 EST
599,"Lake Havasu City, Arizona",1,59720,Murders,0,0,0.00%,Jan - Oct 2025,2025-12-16 15:08:46 EST
600,"Lakeville, Minnesota",1,76929,Murders,0,2,-100.00%,Jan - Oct 2025,2025-12-16 15:08:46 EST
601,"Lakewood, Ohio",1,49304,Murders,0,0,0.00%,Jan - Aug 2025,2025-12-16 15:08:46 EST
602,"Lancaster, Pennsylvania",1,57213,Murders,0,2,-100.00%,Jan - Oct 2025,2025-12-16 15:08:46 EST
603,"Layton, Utah",1,82887,Murders,0,1,-100.00%,Jan - Oct 2025,2025-12-16 15:08:46 EST
604,"Lincoln, California",1,53950,Murders,0,0,0.00%,Jan - Oct 2025,2025-12-16 15:08:46 EST
605,"Livermore, California",1,83155,Murders,0,2,-100.00%,Jan - Oct 2025,2025-12-16 15:08:46 EST
606,"Livonia, Michigan",1,93042,Murders,0,0,0.00%,Jan - Oct 2025,2025-12-16 15:08:46 EST
607,"Longmont, Colorado",1,98444,Murders,0,1,-100.00%,Jan - Feb 2025,2025-12-16 15:08:46 EST
608,"Lower Merion, Pennsylvania",1,64350,Murders,0,1,-100.00%,Jan - Oct 2025,2025-12-16 15:08:46 EST
609,"Macomb County, Michigan",1,191695,Murders,0,1,-100.00%,Jan - Oct 2025,2025-12-16 15:08:46 EST
610,"Malden, Massachusetts",1,64291,Murders,0,0,0.00%,Jan - Oct 2025,2025-12-16 15:08:46 EST
611,"Maple Grove, Minnesota",1,70729,Murders,0,0,0.00%,Jan - Oct 2025,2025-12-16 15:08:46 EST
612,"Marana, Arizona",1,57718,Murders,0,2,-100.00%,Jan - Sep 2025,2025-12-16 15:08:46 EST
613,"Maricopa, Arizona",1,70355,Murders,0,0,0.00%,Jan - Sep 2025,2025-12-16 15:08:46 EST
614,"McAllen, Texas",1,145684,Murders,0,4,-100.00%,Jan - Oct 2025,2025-12-16 15:08:46 EST
615,"Medford, Massachusetts",1,68280,Murders,0,0,0.00%,Jan - Oct 2025,2025-12-16 15:08:46 EST
616,"Meriden, Connecticut",1,60054,Murders,0,1,-100.00%,Jan - Sep 2025,2025-12-16 15:08:46 EST
617,"Meridian, Idaho",1,135239,Murders,0,1,-100.00%,Jan - Oct 2025,2025-12-16 15:08:46 EST
618,"Methuen, Massachusetts",1,53558,Murders,0,0,0.00%,Jan - Oct 2025,2025-12-16 15:08:46 EST
619,"Middletown, Ohio",1,51328,Murders,0,0,0.00%,Jan - Jul 2025,2025-12-16 15:08:46 EST
620,"Milpitas, California",1,76573,Murders,0,0,0.00%,Jan - Oct 2025,2025-12-16 15:08:46 EST
621,"Minnetonka, Minnesota",1,51791,Murders,0,0,0.00%,Jan - Oct 2025,2025-12-16 15:08:46 EST
622,"Missoula, Montana",1,78269,Murders,0,1,-100.00%,Jan - Sep 2025,2025-12-16 15:08:46 EST
623,"Monterey Park, California",1,57419,Murders,0,1,-100.00%,Jan - Oct 2025,2025-12-16 15:08:46 EST
624,"Moore, Oklahoma",1,63311,Murders,0,1,-100.00%,Jan - Oct 2025,2025-12-16 15:08:46 EST
625,"Mooresville, North Carolina",1,53767,Murders,0,2,-100.00%,Jan - Oct 2025,2025-12-16 15:08:46 EST
626,"Mount Pleasant, South Carolina",1,96320,Murders,0,0,0.00%,Jan - Oct 2025,2025-12-16 15:08:46 EST
627,"Mount Prospect, Illinois",1,53932,Murders,0,0,0.00%,Jan - Oct 2025,2025-12-16 15:08:46 EST
628,"Mount Vernon, New York",1,70812,Murders,0,3,-100.00%,Jan - Oct 2025,2025-12-16 15:08:46 EST
629,"Murrieta, California",1,115037,Murders,0,1,-100.00%,Jan - Oct 2025,2025-12-16 15:08:46 EST
630,"Nashua, New Hampshire",1,91145,Murders,0,0,0.00%,Jan - Jan 2025,2025-12-16 15:08:46 EST
631,"Newark, Ohio",1,51147,Murders,0,2,-100.00%,Jan - Oct 2025,2025-12-16 15:08:46 EST
632,"Newport Beach, California",1,83392,Murders,0,2,-100.00%,Jan - Oct 2025,2025-12-16 15:08:46 EST
633,"Newton, Massachusetts",1,86996,Murders,0,0,0.00%,Jan - Jun 2025,2025-12-16 15:08:46 EST
634,"Noblesville, Indiana",1,74211,Murders,0,0,0.00%,Jan - Oct 2025,2025-12-16 15:08:46 EST
635,"Normal, Illinois",1,52883,Murders,0,1,-100.00%,Jan - Aug 2025,2025-12-16 15:08:46 EST
636,"North Bergen Township, New Jersey",1,59147,Murders,0,1,-100.00%,Jan - Oct 2025,2025-12-16 15:08:46 EST
637,"Norwalk, Connecticut",1,91639,Murders,0,0,0.00%,Jan - Oct 2025,2025-12-16 15:08:46 EST
638,"Novato, California",1,51733,Murders,0,0,0.00%,Jan - Sep 2025,2025-12-16 15:08:46 EST
639,"Novi, Michigan",1,66482,Murders,0,1,-100.00%,Jan - Oct 2025,2025-12-16 15:08:46 EST
640,"Oak Lawn, Illinois",1,55368,Murders,0,2,-100.00%,Jan - Oct 2025,2025-12-16 15:08:46 EST
641,"Orem, Utah",1,94682,Murders,0,1,-100.00%,Jan - Oct 2025,2025-12-16 15:08:46 EST
642,"Palo Alto, California",1,64855,Murders,0,1,-100.00%,Jan - Oct 2025,2025-12-16 15:08:46 EST
643,"Peabody, Massachusetts",1,53841,Murders,0,0,0.00%,Jan - Jan 2025,2025-12-16 15:08:46 EST
644,"Petaluma, California",1,58099,Murders,0,0,0.00%,Jan - Oct 2025,2025-12-16 15:08:46 EST
645,"Pinal County, Arizona",1,229832,Murders,0,3,-100.00%,Jan - Oct 2025,2025-12-16 15:08:46 EST
646,"Pittsfield, Massachusetts",1,43078,Murders,0,1,-100.00%,Jan - Sep 2025,2025-12-16 15:08:46 EST
647,"Plymouth, Minnesota",1,77576,Murders,0,0,0.00%,Jan - Oct 2025,2025-12-16 15:08:46 EST
648,"Pocatello, Idaho",1,58390,Murders,0,0,0.00%,Jan - Oct 2025,2025-12-16 15:08:46 EST
649,"Porterville, California",1,63165,Murders,0,0,0.00%,Jan - Oct 2025,2025-12-16 15:08:46 EST
650,"Prescott Valley, Arizona",1,50166,Murders,0,2,-100.00%,Jan - Oct 2025,2025-12-16 15:08:46 EST
651,"Pueblo, Colorado",1,111240,Murders,0,14,-100.00%,Jan - Feb 2025,2025-12-16 15:08:46 EST
652,"Quincy, Massachusetts",1,102465,Murders,0,0,0.00%,Jan - Oct 2025,2025-12-16 15:08:46 EST
653,"Redlands, California",1,74147,Murders,0,2,-100.00%,Jan - Oct 2025,2025-12-16 15:08:46 EST
654,"Redmond, Washington",1,78496,Murders,0,0,0.00%,Jan - Oct 2025,2025-12-16 15:08:46 EST
655,"Redondo Beach, California",1,67742,Murders,0,1,-100.00%,Jan - Oct 2025,2025-12-16 15:08:46 EST
656,"Revere, Massachusetts",1,57132,Murders,0,0,0.00%,Jan - Oct 2025,2025-12-16 15:08:46 EST
657,"Richland, Washington",1,63816,Murders,0,0,0.00%,Jan - Oct 2025,2025-12-16 15:08:46 EST
658,"Rocklin, California",1,74876,Murders,0,1,-100.00%,Jan - Oct 2025,2025-12-16 15:08:46 EST
659,"Rockwall, Texas",1,53433,Murders,0,1,-100.00%,Jan - Oct 2025,2025-12-16 15:08:46 EST
660,"San Mateo, California",1,98883,Murders,0,5,-100.00%,Jan - Oct 2025,2025-12-16 15:08:46 EST
661,"San Rafael, California",1,59400,Murders,0,1,-100.00%,Jan - Oct 2025,2025-12-16 15:08:46 EST
662,"Sandy, Utah",1,91132,Murders,0,4,-100.00%,Jan - Sep 2025,2025-12-16 15:08:46 EST
663,"Santa Clara, California",1,126452,Murders,0,2,-100.00%,Jan - Oct 2025,2025-12-16 15:08:46 EST
664,"Santa Cruz, California",1,61754,Murders,0,3,-100.00%,Jan - Oct 2025,2025-12-16 15:08:46 EST
665,"Saratoga Springs, Utah",1,56039,Murders,0,1,-100.00%,Jan - Sep 2025,2025-12-16 15:08:46 EST
666,"Sarpy County, Nebraska",1,98019,Murders,0,1,-100.00%,Jan - Oct 2025,2025-12-16 15:08:46 EST
667,"Shawnee, Kansas",1,70098,Murders,0,0,0.00%,Jan - Oct 2025,2025-12-16 15:08:46 EST
668,"Skokie, Illinois",1,64417,Murders,0,0,0.00%,Jan - Oct 2025,2025-12-16 15:08:46 EST
669,"Smyrna, Tennessee",1,58096,Murders,0,1,-100.00%,Jan - Oct 2025,2025-12-16 15:08:46 EST
670,"Somerville, Massachusetts",1,79513,Murders,0,0,0.00%,Jan - Oct 2025,2025-12-16 15:08:46 EST
671,"South Jordan, Utah",1,86444,Murders,0,0,0.00%,Jan - Oct 2025,2025-12-16 15:08:46 EST
672,"South San Francisco, California",1,62205,Murders,0,0,0.00%,Jan - Oct 2025,2025-12-16 15:08:46 EST
673,"St Peters, Missouri",1,58937,Murders,0,1,-100.00%,Jan - Oct 2025,2025-12-16 15:08:46 EST
674,"Stamford, Connecticut",1,136512,Murders,0,0,0.00%,Jan - Sep 2025,2025-12-16 15:08:46 EST
675,"State College, Pennsylvania",1,58532,Murders,0,0,0.00%,Jan - Oct 2025,2025-12-16 15:08:46 EST
676,"Stratford, Connecticut",1,52596,Murders,0,0,0.00%,Jan - Oct 2025,2025-12-16 15:08:46 EST
677,"Taunton, Massachusetts",1,60356,Murders,0,1,-100.00%,Jan - Oct 2025,2025-12-16 15:08:46 EST
678,"Temple, Texas",1,93073,Murders,0,0,0.00%,Jan - Jan 2025,2025-12-16 15:08:46 EST
679,"Tigard, Oregon",1,56142,Murders,0,0,0.00%,Jan - Oct 2025,2025-12-16 15:08:46 EST
680,"Tinley Park, Illinois",1,53528,Murders,0,4,-100.00%,Jan - Oct 2025,2025-12-16 15:08:46 EST
681,"Twin Falls, Idaho",1,55447,Murders,0,2,-100.00%,Jan - Oct 2025,2025-12-16 15:08:46 EST
682,"Wake Forest, North Carolina",1,52609,Murders,0,2,-100.00%,Jan - Aug 2025,2025-12-16 15:08:46 EST
683,"Waltham, Massachusetts",1,63797,Murders,0,1,-100.00%,Jan - Oct 2025,2025-12-16 15:08:46 EST
684,"Warwick, Rhode Island",1,83369,Murders,0,1,-100.00%,Jan - Oct 2025,2025-12-16 15:08:46 EST
685,"Washington County, Oregon",1,239309,Murders,0,2,-100.00%,Jan - Oct 2025,2025-12-16 15:08:46 EST
686,"Washtenaw County, Michigan",1,161396,Murders,0,7,-100.00%,Jan - Oct 2025,2025-12-16 15:08:46 EST
687,"Waukesha, Wisconsin",1,70095,Murders,0,1,-100.00%,Jan - Oct 2025,2025-12-16 15:08:46 EST
688,"Wayne Township, New Jersey",1,52317,Murders,0,0,0.00%,Jan - Oct 2025,2025-12-16 15:08:46 EST
689,"West Bloomfield Township, Michigan",1,64904,Murders,0,0,0.00%,Jan - Oct 2025,2025-12-16 15:08:46 EST
690,"West Chester Township, Ohio",1,62860,Murders,0,0,0.00%,Jan - Oct 2025,2025-12-16 15:08:46 EST
691,"West Des Moines, Iowa",1,71674,Murders,0,0,0.00%,Jan - Oct 2025,2025-12-16 15:08:46 EST
692,"West Hartford, Connecticut",1,64423,Murders,0,0,0.00%,Jan - Oct 2025,2025-12-16 15:08:46 EST
693,"West Haven, Connecticut",1,54791,Murders,0,1,-100.00%,Jan - Oct 2025,2025-12-16 15:08:46 EST
694,"West New York, New Jersey",1,51884,Murders,0,0,0.00%,Jan - Oct 2025,2025-12-16 15:08:46 EST
695,"Westfield, Indiana",1,58858,Murders,0,0,0.00%,Jan - Oct 2025,2025-12-16 15:08:46 EST
696,"Weymouth, Massachusetts",1,57725,Murders,0,0,0.00%,Jan - Oct 2025,2025-12-16 15:08:46 EST
697,"Will County, Illinois",1,104475,Murders,0,2,-100.00%,Jan - Oct 2025,2025-12-16 15:08:46 EST
698,"Woodbury, Minnesota",1,80153,Murders,0,1,-100.00%,Jan - Oct 2025,2025-12-16 15:08:46 EST
699,"Wright County, Minnesota",1,129359,Murders,0,0,0.00%,Jan - Oct 2025,2025-12-16 15:08:46 EST
700,"Wylie, Texas",1,62539,Murders,0,3,-100.00%,Jan - Sep 2025,2025-12-16 15:08:46 EST
701,"Yavapai County, Arizona",1,97526,Murders,0,1,-100.00%,Jan - Oct 2025,2025-12-16 15:08:46 EST
702,"Yorba Linda, California",1,66477,Murders,0,0,0.00%,Jan - Oct 2025,2025-12-16 15:08:46 EST
