__lineyka_row_id,agency_full,population,Percent_Change,YTD_Range,Last Updated
77,"Jefferson Parish, Louisiana",321980,0.00%,Jan - Oct 2025,2025-12-16 15:08:46 EST
78,"Montgomery County, Maryland",896963,0.00%,Jan - Oct 2025,2025-12-16 15:08:46 EST
79,"East Baton Rouge Parish, Louisiana",197853,-52.94%,Jan - Oct 2025,2025-12-16 15:08:46 EST
80,"Greenville County, South Carolina",379428,-11.11%,Jan - Oct 2025,2025-12-16 15:08:46 EST
81,"Mesa, Arizona",515848,33.33%,Jan - Oct 2025,2025-12-16 15:08:46 EST
82,"Portsmouth, Virginia",96649,-51.61%,Jan - Oct 2025,2025-12-16 15:08:46 EST
83,"Tacoma, Washington",222828,-21.05%,Jan - Oct 2025,2025-12-16 15:08:46 EST
84,"Vallejo, California",122419,-25.00%,Jan - Oct 2025,2025-12-16 15:08:46 EST
85,"Albany, Georgia",66281,-12.50%,Jan - Oct 2025,2025-12-16 15:08:46 EST
86,"Chattanooga, Tennessee",185370,-36.36%,Jan - Oct 2025,2025-12-16 15:08:46 EST
87,"Johnston County, North Carolina",177923,600.00%,Jan - Oct 2025,2025-12-16 15:08:46 EST
88,"Killeen, Texas",161968,-26.32%,Jan - Oct 2025,2025-12-16 15:08:46 EST
89,"Lake Charles, Louisiana",76393,40.00%,Jan - Oct 2025,2025-12-16 15:08:46 EST
90,"New Haven, Connecticut",141481,55.56%,Jan - Sep 2025,2025-12-16 15:08:46 EST
91,"Reno, Nevada",277792,-22.22%,Jan - Oct 2025,2025-12-16 15:08:46 EST
92,"Springfield, Massachusetts",154218,-12.50%,Jan - Sep 2025,2025-12-16 15:08:46 EST
93,"Chesterfield County, Virginia",385204,18.18%,Jan - Sep 2025,2025-12-16 15:08:46 EST
94,"Clarksville, Tennessee",181916,62.50%,Jan - Sep 2025,2025-12-16 15:08:46 EST
95,"Corpus Christi, Texas",315340,-48.00%,Jan - Oct 2025,2025-12-16 15:08:46 EST
96,"Lexington, Kentucky",319994,-18.75%,Jan - Oct 2025,2025-12-16 15:08:46 EST
97,"Paterson, New Jersey",155991,62.50%,Jan - Oct 2025,2025-12-16 15:08:46 EST
98,"Sacramento County, California",604738,-31.58%,Jan - Oct 2025,2025-12-16 15:08:46 EST
99,"Arlington, Texas",394799,0.00%,Jan - Oct 2025,2025-12-16 15:08:46 EST
100,"Fontana, California",214429,500.00%,Jan - Oct 2025,2025-12-16 15:08:46 EST
101,"Hartford, Connecticut",120710,-25.00%,Jan - Oct 2025,2025-12-16 15:08:46 EST
102,"Horry County, South Carolina",302018,71.43%,Jan - Aug 2025,2025-12-16 15:08:46 EST
103,"Jackson, Tennessee",68470,-20.00%,Jan - Oct 2025,2025-12-16 15:08:46 EST
104,"Knoxville, Tennessee",198132,-40.00%,Jan - Oct 2025,2025-12-16 15:08:46 EST
105,"Mesquite, Texas",147926,140.00%,Jan - Oct 2025,2025-12-16 15:08:46 EST
106,"Toledo, Ohio",264341,-33.33%,Jan - Jul 2025,2025-12-16 15:08:46 EST
107,"Berkeley County, South Carolina",142756,37.50%,Jan - Oct 2025,2025-12-16 15:08:46 EST
108,"El Paso County, Colorado",207095,57.14%,Jan - Oct 2025,2025-12-16 15:08:46 EST
109,"Grand Rapids, Michigan",196019,0.00%,Jan - Oct 2025,2025-12-16 15:08:46 EST
110,"Jersey City, New Jersey",285117,83.33%,Jan - Oct 2025,2025-12-16 15:08:46 EST
111,"Newport News, Virginia",183600,-35.29%,Jan - Oct 2025,2025-12-16 15:08:46 EST
112,"Roanoke, Virginia",96925,57.14%,Jan - Sep 2025,2025-12-16 15:08:46 EST
113,"San Diego County, California",519218,-56.00%,Jan - Oct 2025,2025-12-16 15:08:46 EST
114,"St. Paul, Minnesota",300368,-50.00%,Jan - Oct 2025,2025-12-16 15:08:46 EST
115,"Virginia Beach, Virginia",453991,-8.33%,Jan - Sep 2025,2025-12-16 15:08:46 EST
116,"Lubbock, Texas",266960,-9.09%,Jan - Oct 2025,2025-12-16 15:08:46 EST
117,"Riverside, California",323473,-9.09%,Jan - Oct 2025,2025-12-16 15:08:46 EST
118,"Rocky Mount, North Carolina",53865,400.00%,Jan - Aug 2025,2025-12-16 15:08:46 EST
119,"Albany, New York",101930,0.00%,Jan - Oct 2025,2025-12-16 15:08:46 EST
120,"Anaheim, California",343147,-10.00%,Jan - Oct 2025,2025-12-16 15:08:46 EST
121,"Anderson County, South Carolina",164574,28.57%,Jan - Oct 2025,2025-12-16 15:08:46 EST
122,"Chesapeake, Virginia",254051,0.00%,Jan - Oct 2025,2025-12-16 15:08:46 EST
123,"Greeley, Colorado",109183,125.00%,Jan - Sep 2025,2025-12-16 15:08:46 EST
124,"Harrisburg, Pennsylvania",50229,-25.00%,Jan - Oct 2025,2025-12-16 15:08:46 EST
125,"Hidalgo County, Texas",260352,12.50%,Jan - Oct 2025,2025-12-16 15:08:46 EST
126,"Montgomery County, Texas",565355,0.00%,Jan - Sep 2025,2025-12-16 15:08:46 EST
127,"North Charleston, South Carolina",120162,-30.77%,Jan - Oct 2025,2025-12-16 15:08:46 EST
128,"Reading, Pennsylvania",97790,28.57%,Jan - Oct 2025,2025-12-16 15:08:46 EST
129,"Rockford, Illinois",145873,-47.06%,Jan - Oct 2025,2025-12-16 15:08:46 EST
130,"Springfield, Illinois",112781,0.00%,Jan - Oct 2025,2025-12-16 15:08:46 EST
131,"Springfield, Ohio",57866,125.00%,Jan - Oct 2025,2025-12-16 15:08:46 EST
132,"Beaumont, Texas",110671,-33.33%,Jan - Oct 2025,2025-12-16 15:08:46 EST
133,"Charleston, South Carolina",155159,14.29%,Jan - Oct 2025,2025-12-16 15:08:46 EST
134,"Glendale, Arizona",253768,-42.86%,Jan - Sep 2025,2025-12-16 15:08:46 EST
135,"San Bernardino, California",219483,0.00%,Jan - May 2025,2025-12-16 15:08:46 EST
136,"Santa Fe, New Mexico",89657,100.00%,Jan - Oct 2025,2025-12-16 15:08:46 EST
137,"Shelby County, Tennessee",136188,33.33%,Jan - Sep 2025,2025-12-16 15:08:46 EST
138,"Waterbury, Connecticut",115380,0.00%,Jan - Oct 2025,2025-12-16 15:08:46 EST
139,"Yuma, Arizona",99610,300.00%,Jan - Oct 2025,2025-12-16 15:08:46 EST
140,"Amarillo, Texas",201684,-30.00%,Jan - Aug 2025,2025-12-16 15:08:46 EST
141,"Brockton, Massachusetts",108938,0.00%,Jan - Oct 2025,2025-12-16 15:08:46 EST
142,"El Paso County, Texas",116599,0.00%,Jan - Oct 2025,2025-12-16 15:08:46 EST
143,"Gilbert, Arizona",278495,600.00%,Jan - Oct 2025,2025-12-16 15:08:46 EST
144,"Greenville, North Carolina",90048,-12.50%,Jan - Oct 2025,2025-12-16 15:08:46 EST
145,"Gresham, Oregon",110225,40.00%,Jan - Oct 2025,2025-12-16 15:08:46 EST
146,"Hayward, California",153914,-36.36%,Jan - Oct 2025,2025-12-16 15:08:46 EST
147,"Honolulu, Hawaii",987546,-70.83%,Jan - Oct 2025,2025-12-16 15:08:46 EST
148,"Independence, Missouri",120326,-12.50%,Jan - Oct 2025,2025-12-16 15:08:46 EST
149,"Lynchburg, Virginia",79509,-22.22%,Jan - Oct 2025,2025-12-16 15:08:46 EST
150,"Mckinney, Texas",212716,250.00%,Jan - Oct 2025,2025-12-16 15:08:46 EST
151,"Pomona, California",143578,-36.36%,Jan - Oct 2025,2025-12-16 15:08:46 EST
152,"South Bend, Indiana",102999,-12.50%,Jan - Oct 2025,2025-12-16 15:08:46 EST
153,"Spokane, Washington",230648,-50.00%,Jan - Oct 2025,2025-12-16 15:08:46 EST
154,"Springfield, Missouri",170521,-12.50%,Jan - Sep 2025,2025-12-16 15:08:46 EST
155,"Victoria, Texas",65298,600.00%,Jan - Oct 2025,2025-12-16 15:08:46 EST
156,"Waco, Texas",145741,-12.50%,Jan - Oct 2025,2025-12-16 15:08:46 EST
157,"Warner Robins, Georgia",82991,75.00%,Jan - Sep 2025,2025-12-16 15:08:46 EST
158,"Williamson County, Texas",202897,133.33%,Jan - Oct 2025,2025-12-16 15:08:46 EST
159,"Wilmington, North Carolina",122675,16.67%,Jan - Oct 2025,2025-12-16 15:08:46 EST
160,"Yakima, Washington",96991,-36.36%,Jan - Sep 2025,2025-12-16 15:08:46 EST
161,"Aiken County, South Carolina",110756,0.00%,Jan - Oct 2025,2025-12-16 15:08:46 EST
162,"Baytown, Texas",83809,20.00%,Jan - Oct 2025,2025-12-16 15:08:46 EST
163,"Bexar County, Texas",438152,-53.85%,Jan - Jul 2025,2025-12-16 15:08:46 EST
164,"Brazoria County, Texas",132229,100.00%,Jan - Oct 2025,2025-12-16 15:08:46 EST
165,"Champaign, Illinois",89687,100.00%,Jan - Oct 2025,2025-12-16 15:08:46 EST
166,"Corona, California",160590,500.00%,Jan - Oct 2025,2025-12-16 15:08:46 EST
167,"Decatur, Illinois",68301,20.00%,Jan - Oct 2025,2025-12-16 15:08:46 EST
168,"Denton, Texas",155215,NaN%,Jan - Oct 2025,2025-12-16 15:08:46 EST
169,"El Cajon, California",103569,200.00%,Jan - Oct 2025,2025-12-16 15:08:46 EST
170,"Fort Bend County, Texas",578695,-60.00%,Jan - Oct 2025,2025-12-16 15:08:46 EST
171,"Galveston, Texas",52810,100.00%,Jan - Oct 2025,2025-12-16 15:08:46 EST
172,"Garland, Texas",240051,-40.00%,Jan - Oct 2025,2025-12-16 15:08:46 EST
173,"Georgetown, Texas",87871,NaN%,Jan - Oct 2025,2025-12-16 15:08:46 EST
174,"Jacksonville, North Carolina",69340,200.00%,Jan - Oct 2025,2025-12-16 15:08:46 EST
175,"Lakewood, Colorado",156065,100.00%,Jan - Aug 2025,2025-12-16 15:08:46 EST
176,"Laredo, Texas",256542,20.00%,Jan - Oct 2025,2025-12-16 15:08:46 EST
177,"Lewisville, Texas",133694,50.00%,Jan - Oct 2025,2025-12-16 15:08:46 EST
178,"Madera, California",68862,500.00%,Jan - Oct 2025,2025-12-16 15:08:46 EST
179,"Monterey County, California",103695,500.00%,Jan - Oct 2025,2025-12-16 15:08:46 EST
180,"North Little Rock, Arkansas",64612,-50.00%,Jan - Oct 2025,2025-12-16 15:08:46 EST
181,"North Richland Hills, Texas",70853,200.00%,Jan - Oct 2025,2025-12-16 15:08:46 EST
182,"Prince William County, Virginia",480467,-60.00%,Jan - Aug 2025,2025-12-16 15:08:46 EST
183,"Salt Lake City, Utah",206692,-33.33%,Jan - Oct 2025,2025-12-16 15:08:46 EST
184,"Santa Rosa, California",176855,200.00%,Jan - Aug 2025,2025-12-16 15:08:46 EST
185,"Sarasota County, Florida",294526,20.00%,Jan - Oct 2025,2025-12-16 15:08:46 EST
186,"Tyler, Texas",110824,0.00%,Jan - Oct 2025,2025-12-16 15:08:46 EST
187,"West Valley, Utah",135023,20.00%,Jan - Oct 2025,2025-12-16 15:08:46 EST
188,"Albemarle County, Virginia",115659,150.00%,Jan - Oct 2025,2025-12-16 15:08:46 EST
189,"Antioch, California",115271,-64.29%,Jan - Oct 2025,2025-12-16 15:08:46 EST
190,"Colerain Township, Ohio",58268,400.00%,Jan - Oct 2025,2025-12-16 15:08:46 EST
191,"Columbia, Missouri",129602,-58.33%,Jan - Oct 2025,2025-12-16 15:08:46 EST
192,"Elk Grove, California",177976,66.67%,Jan - Oct 2025,2025-12-16 15:08:46 EST
193,"Evansville, Indiana",114950,-54.55%,Jan - Oct 2025,2025-12-16 15:08:46 EST
194,"Fairfax County, Virginia",1094031,-54.55%,Jan - Jul 2025,2025-12-16 15:08:46 EST
195,"Fairfield, California",119071,400.00%,Jan - Oct 2025,2025-12-16 15:08:46 EST
196,"Fort Smith, Arkansas",90417,NaN%,Jan - Aug 2025,2025-12-16 15:08:46 EST
197,"Gastonia, North Carolina",83739,66.67%,Jan - Oct 2025,2025-12-16 15:08:46 EST
198,"Greenwood, Indiana",66131,NaN%,Jan - Oct 2025,2025-12-16 15:08:46 EST
199,"Hamilton County, Ohio",122218,-16.67%,Jan - Oct 2025,2025-12-16 15:08:46 EST
200,"High Point, North Carolina",115490,150.00%,Jan - Oct 2025,2025-12-16 15:08:46 EST
201,"Lincoln, Nebraska",293155,-16.67%,Jan - Oct 2025,2025-12-16 15:08:46 EST
202,"Merced, California",94125,-28.57%,Jan - Oct 2025,2025-12-16 15:08:46 EST
203,"New Hanover County, North Carolina",105363,0.00%,Jan - Oct 2025,2025-12-16 15:08:46 EST
204,"Oceanside, California",171348,150.00%,Jan - Oct 2025,2025-12-16 15:08:46 EST
205,"Santa Maria, California",110317,150.00%,Jan - Oct 2025,2025-12-16 15:08:46 EST
206,"Scottsdale, Arizona",243644,400.00%,Jan - Sep 2025,2025-12-16 15:08:46 EST
207,"Sioux Falls, South Dakota",206559,-54.55%,Jan - Oct 2025,2025-12-16 15:08:46 EST
208,"Spotsylvania County, Virginia",149957,0.00%,Jan - Oct 2025,2025-12-16 15:08:46 EST
209,"Tempe, Arizona",188144,25.00%,Jan - Oct 2025,2025-12-16 15:08:46 EST
210,"Visalia, California",145031,-28.57%,Jan - Oct 2025,2025-12-16 15:08:46 EST
211,"Wake County, North Carolina",198748,66.67%,Jan - Oct 2025,2025-12-16 15:08:46 EST
212,"Abilene, Texas",128387,-42.86%,Jan - Oct 2025,2025-12-16 15:08:46 EST
213,"Beaufort County, South Carolina",132948,-60.00%,Jan - Aug 2025,2025-12-16 15:08:46 EST
214,"Billings, Montana",121365,-55.56%,Jan - Oct 2025,2025-12-16 15:08:46 EST
215,"Buncombe County, North Carolina",158547,100.00%,Jan - Oct 2025,2025-12-16 15:08:46 EST
216,"Carlsbad, California",113796,300.00%,Jan - Oct 2025,2025-12-16 15:08:46 EST
217,"Cedar Rapids, Iowa",135777,300.00%,Jan - Oct 2025,2025-12-16 15:08:46 EST
218,"Chandler, Arizona",282419,100.00%,Jan - Sep 2025,2025-12-16 15:08:46 EST
219,"Collin County, Texas",95286,100.00%,Jan - Oct 2025,2025-12-16 15:08:46 EST
220,"Conway, Arkansas",69315,100.00%,Jan - Oct 2025,2025-12-16 15:08:46 EST
221,"Davenport, Iowa",99911,-50.00%,Jan - Oct 2025,2025-12-16 15:08:46 EST
222,"Duluth, Minnesota",86570,33.33%,Jan - Oct 2025,2025-12-16 15:08:46 EST
223,"Fargo, North Dakota",134268,-20.00%,Jan - Oct 2025,2025-12-16 15:08:46 EST
224,"Forsyth County, North Carolina",111773,-20.00%,Jan - Oct 2025,2025-12-16 15:08:46 EST
225,"Guilford County, North Carolina",130423,-33.33%,Jan - Oct 2025,2025-12-16 15:08:46 EST
226,"Henderson, Nevada",337794,-50.00%,Jan - Oct 2025,2025-12-16 15:08:46 EST
227,"Howard County, Maryland",337780,-33.33%,Jan - Jun 2025,2025-12-16 15:08:46 EST
228,"Janesville, Wisconsin",66033,300.00%,Jan - Oct 2025,2025-12-16 15:08:46 EST
229,"Jefferson County, Missouri",167018,0.00%,Jan - Oct 2025,2025-12-16 15:08:46 EST
230,"Kaufman County, Texas",111179,100.00%,Jan - Oct 2025,2025-12-16 15:08:46 EST
231,"Lancaster County, South Carolina",100080,33.33%,Jan - Oct 2025,2025-12-16 15:08:46 EST
232,"Lee's Summit, Missouri",104402,NaN%,Jan - Oct 2025,2025-12-16 15:08:46 EST
233,"Lenexa, Kansas",59161,100.00%,Jan - Oct 2025,2025-12-16 15:08:46 EST
234,"Longview, Texas",82981,-55.56%,Jan - Oct 2025,2025-12-16 15:08:46 EST
235,"Midwest City, Oklahoma",57696,33.33%,Jan - Oct 2025,2025-12-16 15:08:46 EST
236,"Nassau County, New York",1077192,300.00%,Jan - Apr 2025,2025-12-16 15:08:46 EST
237,"National City, California",55270,100.00%,Jan - Oct 2025,2025-12-16 15:08:46 EST
238,"New Bedford, Massachusetts",100876,-42.86%,Jan - Oct 2025,2025-12-16 15:08:46 EST
239,"Norman, Oklahoma",130366,300.00%,Jan - Sep 2025,2025-12-16 15:08:46 EST
240,"Peoria, Arizona",200886,300.00%,Jan - Sep 2025,2025-12-16 15:08:46 EST
241,"Pima County, Arizona",365222,-55.56%,Jan - Oct 2025,2025-12-16 15:08:46 EST
242,"Pontiac, Michigan",61871,-66.67%,Jan - Oct 2025,2025-12-16 15:08:46 EST
243,"Port Arthur, Texas",55371,-20.00%,Jan - Aug 2025,2025-12-16 15:08:46 EST
244,"Schenectady, New York",69035,-42.86%,Jan - Oct 2025,2025-12-16 15:08:46 EST
245,"St. Cloud, Minnesota",69922,NaN%,Jan - Oct 2025,2025-12-16 15:08:46 EST
246,"St. George, Utah",105930,300.00%,Jan - Sep 2025,2025-12-16 15:08:46 EST
247,"Travis County, Texas",277111,-20.00%,Jan - Oct 2025,2025-12-16 15:08:46 EST
248,"West Jordan, Utah",116485,NaN%,Jan - Oct 2025,2025-12-16 15:08:46 EST
249,"Youngstown, Ohio",58773,-20.00%,Jan - May 2025,2025-12-16 15:08:46 EST
250,"Bellevue, Nebraska",62372,NaN%,Jan - Oct 2025,2025-12-16 15:08:46 EST
251,"Boulder, Colorado",104232,NaN%,Jan - Sep 2025,2025-12-16 15:08:46 EST
252,"Bridgeport, Connecticut",148483,-72.73%,Jan - Oct 2025,2025-12-16 15:08:46 EST
253,"Burlington, North Carolina",60156,-25.00%,Jan - Oct 2025,2025-12-16 15:08:46 EST
254,"Canton Township, Michigan",98915,0.00%,Jan - Oct 2025,2025-12-16 15:08:46 EST
255,"Chula Vista, California",280748,-25.00%,Jan - Oct 2025,2025-12-16 15:08:46 EST
256,"Clovis, California",126552,50.00%,Jan - Oct 2025,2025-12-16 15:08:46 EST
257,"Denton County, Texas",160587,200.00%,Jan - Oct 2025,2025-12-16 15:08:46 EST
258,"Erie, Pennsylvania",92920,-25.00%,Jan - Oct 2025,2025-12-16 15:08:46 EST
259,"Escondido, California",149837,50.00%,Jan - Oct 2025,2025-12-16 15:08:46 EST
260,"Fall River, Massachusetts",93879,-25.00%,Jan - Oct 2025,2025-12-16 15:08:46 EST
261,"Forsyth County, Georgia",267417,NaN%,Jan - Oct 2025,2025-12-16 15:08:46 EST
262,"Fort Collins, Colorado",168886,0.00%,Jan - Sep 2025,2025-12-16 15:08:46 EST
263,"Frisco, Texas",228527,NaN%,Jan - Oct 2025,2025-12-16 15:08:46 EST
264,"Grand Prairie, Texas",205487,-25.00%,Jan - Oct 2025,2025-12-16 15:08:46 EST
265,"Hall County, Georgia",148922,200.00%,Jan - Oct 2025,2025-12-16 15:08:46 EST
266,"Hammond, Indiana",75990,50.00%,Jan - Feb 2025,2025-12-16 15:08:46 EST
267,"Henrico County, Virginia",334046,-81.25%,Jan - Sep 2025,2025-12-16 15:08:46 EST
268,"Henry County, Georgia",172407,-25.00%,Jan - Aug 2025,2025-12-16 15:08:46 EST
269,"Johns Creek, Georgia",82646,NaN%,Jan - Oct 2025,2025-12-16 15:08:46 EST
270,"Jonesboro, Arkansas",80395,0.00%,Jan - Jul 2025,2025-12-16 15:08:46 EST
271,"Kalamazoo County, Michigan",108458,0.00%,Jan - Oct 2025,2025-12-16 15:08:46 EST
272,"Kannapolis, North Carolina",56479,-25.00%,Jan - Oct 2025,2025-12-16 15:08:46 EST
273,"Lafayette, Louisiana",121361,-66.67%,Jan - Oct 2025,2025-12-16 15:08:46 EST
274,"Lexington County, South Carolina",232613,-40.00%,Jan - Oct 2025,2025-12-16 15:08:46 EST
275,"Livingston Parish, Louisiana",134038,-57.14%,Jan - Oct 2025,2025-12-16 15:08:46 EST
276,"Loudoun County, Virginia",378299,-40.00%,Jan - Oct 2025,2025-12-16 15:08:46 EST
277,"Lynn, Massachusetts",101144,0.00%,Jan - Oct 2025,2025-12-16 15:08:46 EST
278,"Madison, Wisconsin",274234,-25.00%,Jan - Oct 2025,2025-12-16 15:08:46 EST
279,"Odessa, Texas",111922,-25.00%,Jan - Oct 2025,2025-12-16 15:08:46 EST
280,"Owensboro, Kentucky",59937,200.00%,Jan - Oct 2025,2025-12-16 15:08:46 EST
281,"Oxnard, California",199508,-40.00%,Jan - Oct 2025,2025-12-16 15:08:46 EST
282,"Parker County, Texas",114776,50.00%,Jan - Oct 2025,2025-12-16 15:08:46 EST
283,"Pasadena, Texas",145850,-40.00%,Jan - Oct 2025,2025-12-16 15:08:46 EST
284,"Pawtucket, Rhode Island",75100,0.00%,Jan - Oct 2025,2025-12-16 15:08:46 EST
285,"Pharr, Texas",80359,NaN%,Jan - Oct 2025,2025-12-16 15:08:46 EST
286,"Rapid City, South Dakota",80850,-40.00%,Jan - Jul 2025,2025-12-16 15:08:46 EST
287,"Rock Hill, South Carolina",75681,-25.00%,Jan - Oct 2025,2025-12-16 15:08:46 EST
288,"Royal Oak, Michigan",57233,NaN%,Jan - Oct 2025,2025-12-16 15:08:46 EST
289,"Salem, Oregon",178276,-50.00%,Jan - Aug 2025,2025-12-16 15:08:46 EST
290,"San Marcos, Texas",71413,NaN%,Jan - Oct 2025,2025-12-16 15:08:46 EST
291,"Smith County, Texas",111489,-40.00%,Jan - Oct 2025,2025-12-16 15:08:46 EST
292,"Sonoma County, California",131522,NaN%,Jan - Oct 2025,2025-12-16 15:08:46 EST
293,"Southfield, Michigan",74960,200.00%,Jan - Oct 2025,2025-12-16 15:08:46 EST
294,"Sparks, Nevada",109403,-25.00%,Jan - Oct 2025,2025-12-16 15:08:46 EST
295,"St Charles, Missouri",71408,50.00%,Jan - Oct 2025,2025-12-16 15:08:46 EST
296,"Taylor, Michigan",61781,0.00%,Jan - Oct 2025,2025-12-16 15:08:46 EST
297,"Tulare County, California",135511,-66.67%,Jan - Oct 2025,2025-12-16 15:08:46 EST
298,"Walnut Creek, California",68441,NaN%,Jan - Oct 2025,2025-12-16 15:08:46 EST
299,"Waterloo, Iowa",66211,50.00%,Jan - Oct 2025,2025-12-16 15:08:46 EST
300,"Westminster, Colorado",113660,-40.00%,Jan - Oct 2025,2025-12-16 15:08:46 EST
301,"Wichita Falls, Texas",102740,-66.67%,Jan - Oct 2025,2025-12-16 15:08:46 EST
302,"Adams County, Colorado",100798,-50.00%,Jan - Sep 2025,2025-12-16 15:08:46 EST
303,"Alameda County, California",148466,-75.00%,Jan - Oct 2025,2025-12-16 15:08:46 EST
304,"Alhambra, California",79087,NaN%,Jan - Oct 2025,2025-12-16 15:08:46 EST
305,"Allentown, Pennsylvania",124782,-50.00%,Jan - Oct 2025,2025-12-16 15:08:46 EST
306,"Asheville, North Carolina",93471,-77.78%,Jan - Oct 2025,2025-12-16 15:08:46 EST
307,"Baldwin Park, California",68230,-33.33%,Jan - Oct 2025,2025-12-16 15:08:46 EST
308,"Barnstable, Massachusetts",50034,100.00%,Jan - Aug 2025,2025-12-16 15:08:46 EST
309,"Battle Creek, Michigan",60969,-60.00%,Jan - Oct 2025,2025-12-16 15:08:46 EST
310,"Beaumont, California",57819,NaN%,Jan - Sep 2025,2025-12-16 15:08:46 EST
311,"Bellingham, Washington",94968,-60.00%,Jan - Oct 2025,2025-12-16 15:08:46 EST
312,"Boise, Idaho",236949,100.00%,Jan - Sep 2025,2025-12-16 15:08:46 EST
313,"Bossier City, Louisiana",62602,-71.43%,Jan - Oct 2025,2025-12-16 15:08:46 EST
314,"Bowling Green, Kentucky",76194,100.00%,Jan - Oct 2025,2025-12-16 15:08:46 EST
315,"Broken Arrow, Oklahoma",119959,-50.00%,Jan - Oct 2025,2025-12-16 15:08:46 EST
316,"Brookhaven, Georgia",58507,-50.00%,Jan - Sep 2025,2025-12-16 15:08:46 EST
317,"Brownsville, Texas",190590,-33.33%,Jan - Oct 2025,2025-12-16 15:08:46 EST
318,"Burnsville, Minnesota",63650,-60.00%,Jan - Oct 2025,2025-12-16 15:08:46 EST
319,"Cheyenne, Wyoming",64307,0.00%,Jan - Sep 2025,2025-12-16 15:08:46 EST
320,"Chicopee, Massachusetts",55043,-33.33%,Jan - Oct 2025,2025-12-16 15:08:46 EST
321,"Citrus Heights, California",85894,-33.33%,Jan - Oct 2025,2025-12-16 15:08:46 EST
322,"Clackamas County, Oregon",243311,-33.33%,Jan - Oct 2025,2025-12-16 15:08:46 EST
323,"Commerce City, Colorado",67851,-60.00%,Jan - Oct 2025,2025-12-16 15:08:46 EST
324,"Concord, North Carolina",111915,-60.00%,Jan - Oct 2025,2025-12-16 15:08:46 EST
325,"Council Bluffs, Iowa",62214,0.00%,Jan - Oct 2025,2025-12-16 15:08:46 EST
326,"Dearborn Heights, Michigan",61420,100.00%,Jan - Oct 2025,2025-12-16 15:08:46 EST
327,"Dearborn, Michigan",106747,NaN%,Jan - Oct 2025,2025-12-16 15:08:46 EST
328,"Des Moines, Iowa",209658,-77.78%,Jan - Oct 2025,2025-12-16 15:08:46 EST
329,"Douglas County, Colorado",219477,-33.33%,Jan - Sep 2025,2025-12-16 15:08:46 EST
330,"Eau Claire, Wisconsin",69859,100.00%,Jan - Oct 2025,2025-12-16 15:08:46 EST
331,"Edmond, Oklahoma",97063,0.00%,Jan - Oct 2025,2025-12-16 15:08:46 EST
332,"El Dorado County, California",162436,NaN%,Jan - Oct 2025,2025-12-16 15:08:46 EST
333,"El Monte, California",103463,-66.67%,Jan - Oct 2025,2025-12-16 15:08:46 EST
334,"Elkhart, Indiana",53773,NaN%,Jan - Oct 2025,2025-12-16 15:08:46 EST
335,"Enid, Oklahoma",50168,NaN%,Jan - Oct 2025,2025-12-16 15:08:46 EST
336,"Eugene, Oregon",178191,0.00%,Jan - Oct 2025,2025-12-16 15:08:46 EST
337,"Fayetteville, Arkansas",101624,-75.00%,Jan - Oct 2025,2025-12-16 15:08:46 EST
338,"Folsom, California",84559,-50.00%,Jan - Oct 2025,2025-12-16 15:08:46 EST
339,"Franklin, Tennessee",88315,NaN%,Jan - Oct 2025,2025-12-16 15:08:46 EST
340,"Goodyear, Arizona",109929,NaN%,Jan - Oct 2025,2025-12-16 15:08:46 EST
341,"Green Bay, Wisconsin",105521,0.00%,Jan - Oct 2025,2025-12-16 15:08:46 EST
342,"Greenville, South Carolina",72961,-71.43%,Jan - Sep 2025,2025-12-16 15:08:46 EST
343,"Hamilton Township, New Jersey",120098,NaN%,Jan - Oct 2025,2025-12-16 15:08:46 EST
344,"Hillsboro, Oregon",107459,NaN%,Jan - Oct 2025,2025-12-16 15:08:46 EST
345,"Iowa City, Iowa",75396,NaN%,Jan - Oct 2025,2025-12-16 15:08:46 EST
346,"Irving, Texas",255203,-88.89%,Jan - Oct 2025,2025-12-16 15:08:46 EST
347,"Kent County, Michigan",267237,NaN%,Jan - Oct 2025,2025-12-16 15:08:46 EST
348,"Knox County, Tennessee",304331,0.00%,Jan - Oct 2025,2025-12-16 15:08:46 EST
349,"Kokomo, Indiana",59720,0.00%,Jan - Aug 2025,2025-12-16 15:08:46 EST
350,"La Mesa, California",60008,0.00%,Jan - Oct 2025,2025-12-16 15:08:46 EST
351,"Lansing, Michigan",112529,-33.33%,Jan - Apr 2025,2025-12-16 15:08:46 EST
352,"Lawrence, Massachusetts",87806,-71.43%,Jan - Oct 2025,2025-12-16 15:08:46 EST
353,"League City, Texas",115791,-50.00%,Jan - Oct 2025,2025-12-16 15:08:46 EST
354,"Leander, Texas",82228,NaN%,Jan - Oct 2025,2025-12-16 15:08:46 EST
355,"Little Elm, Texas",59954,0.00%,Jan - Oct 2025,2025-12-16 15:08:46 EST
356,"Manchester, New Hampshire",114963,0.00%,Jan - Oct 2025,2025-12-16 15:08:46 EST
357,"Medford, Oregon",85352,0.00%,Jan - Sep 2025,2025-12-16 15:08:46 EST
358,"Midland, Texas",135253,-71.43%,Jan - Oct 2025,2025-12-16 15:08:46 EST
359,"Mission Viejo, California",90944,NaN%,Jan - Aug 2025,2025-12-16 15:08:46 EST
360,"Missouri City, Texas",77560,100.00%,Jan - Sep 2025,2025-12-16 15:08:46 EST
361,"Murfreesboro, Tennessee",166916,-60.00%,Jan - Oct 2025,2025-12-16 15:08:46 EST
362,"Napa, California",77956,-50.00%,Jan - Oct 2025,2025-12-16 15:08:46 EST
363,"New Britain, Connecticut",74609,-33.33%,Jan - Oct 2025,2025-12-16 15:08:46 EST
364,"New Rochelle, New York",83357,NaN%,Jan - Sep 2025,2025-12-16 15:08:46 EST
365,"Ogden, Utah",86593,100.00%,Jan - Oct 2025,2025-12-16 15:08:46 EST
366,"Onslow County, North Carolina",125993,-60.00%,Jan - Sep 2025,2025-12-16 15:08:46 EST
367,"Paulding County, Georgia",162740,-33.33%,Jan - Oct 2025,2025-12-16 15:08:46 EST
368,"Pearland, Texas",127433,-33.33%,Jan - Oct 2025,2025-12-16 15:08:46 EST
369,"Pflugerville, Texas",65599,100.00%,Jan - Oct 2025,2025-12-16 15:08:46 EST
370,"Plano, Texas",291140,-33.33%,Jan - Oct 2025,2025-12-16 15:08:46 EST
371,"Pleasanton, California",75238,100.00%,Jan - Oct 2025,2025-12-16 15:08:46 EST
372,"Providence, Rhode Island",189590,-81.82%,Jan - Oct 2025,2025-12-16 15:08:46 EST
373,"Racine, Wisconsin",75858,-33.33%,Jan - Oct 2025,2025-12-16 15:08:46 EST
374,"Richardson, Texas",119008,0.00%,Jan - Oct 2025,2025-12-16 15:08:46 EST
375,"Richmond, California",113282,-81.82%,Jan - Oct 2025,2025-12-16 15:08:46 EST
376,"Roseville, California",158084,0.00%,Jan - Oct 2025,2025-12-16 15:08:46 EST
377,"Round Rock, Texas",129898,0.00%,Jan - Oct 2025,2025-12-16 15:08:46 EST
378,"Rutherford County, Tennessee",104616,NaN%,Jan - Oct 2025,2025-12-16 15:08:46 EST
379,"San Angelo, Texas",98642,-50.00%,Jan - Oct 2025,2025-12-16 15:08:46 EST
380,"San Mateo County, California",127963,100.00%,Jan - Oct 2025,2025-12-16 15:08:46 EST
381,"Santa Monica, California",88552,0.00%,Jan - Jun 2025,2025-12-16 15:08:46 EST
382,"Shelby Township, Michigan",79545,NaN%,Jan - Oct 2025,2025-12-16 15:08:46 EST
383,"Southaven, Mississippi",57135,100.00%,Jan - Oct 2025,2025-12-16 15:08:46 EST
384,"Spring Hill, Tennessee",58200,NaN%,Jan - Oct 2025,2025-12-16 15:08:46 EST
385,"St. Mary's County, Maryland",115684,100.00%,Jan - Aug 2025,2025-12-16 15:08:46 EST
386,"Stafford County, Virginia",166413,100.00%,Jan - Oct 2025,2025-12-16 15:08:46 EST
387,"Suffolk, Virginia",100598,-80.00%,Jan - Oct 2025,2025-12-16 15:08:46 EST
388,"Terre Haute, Indiana",58309,0.00%,Jan - Sep 2025,2025-12-16 15:08:46 EST
389,"Texas City, Texas",57448,-60.00%,Jan - Oct 2025,2025-12-16 15:08:46 EST
390,"Thornton, Colorado",143838,0.00%,Jan - Oct 2025,2025-12-16 15:08:46 EST
391,"Thousand Oaks, California",123032,0.00%,Jan - Oct 2025,2025-12-16 15:08:46 EST
392,"Thurston County, Washington",145385,0.00%,Jan - Oct 2025,2025-12-16 15:08:46 EST
393,"Torrance, California",138472,NaN%,Jan - Oct 2025,2025-12-16 15:08:46 EST
394,"Tulare, California",71428,-60.00%,Jan - Sep 2025,2025-12-16 15:08:46 EST
395,"Tustin, California",77690,NaN%,Jan - Aug 2025,2025-12-16 15:08:46 EST
396,"Upper Darby, Pennsylvania",84468,-33.33%,Jan - Oct 2025,2025-12-16 15:08:46 EST
397,"Utica, New York",63548,-60.00%,Jan - Oct 2025,2025-12-16 15:08:46 EST
398,"Warren, Michigan",136121,-50.00%,Jan - Oct 2025,2025-12-16 15:08:46 EST
399,"Waterford Township, Michigan",69153,NaN%,Jan - Oct 2025,2025-12-16 15:08:46 EST
400,"West Covina, California",103014,-33.33%,Jan - Oct 2025,2025-12-16 15:08:46 EST
401,"Westland, Michigan",83463,-33.33%,Jan - Oct 2025,2025-12-16 15:08:46 EST
402,"Westminster, California",88710,-33.33%,Jan - Sep 2025,2025-12-16 15:08:46 EST
403,"Abington, Pennsylvania",58433,NaN%,Jan - Oct 2025,2025-12-16 15:08:46 EST
404,"Ada County, Idaho",138487,-50.00%,Jan - Oct 2025,2025-12-16 15:08:46 EST
405,"Allen, Texas",114696,NaN%,Jan - Oct 2025,2025-12-16 15:08:46 EST
406,"Ames, Iowa",67186,NaN%,Jan - Oct 2025,2025-12-16 15:08:46 EST
407,"Ann Arbor, Michigan",118072,NaN%,Jan - Oct 2025,2025-12-16 15:08:46 EST
408,"Apple Valley, Minnesota",54995,NaN%,Jan - Oct 2025,2025-12-16 15:08:46 EST
409,"Arapahoe County, Colorado",104204,-50.00%,Jan - Oct 2025,2025-12-16 15:08:46 EST
410,"Arcadia, California",54071,NaN%,Jan - Oct 2025,2025-12-16 15:08:46 EST
411,"Arlington County, Virginia",231844,NaN%,Jan - Oct 2025,2025-12-16 15:08:46 EST
412,"Arvada, Colorado",120200,NaN%,Jan - Oct 2025,2025-12-16 15:08:46 EST
413,"Avondale, Arizona",92661,-66.67%,Jan - Sep 2025,2025-12-16 15:08:46 EST
414,"Beaverton, Oregon",96840,0.00%,Jan - Sep 2025,2025-12-16 15:08:46 EST
415,"Bend, Oregon",105099,-66.67%,Jan - Oct 2025,2025-12-16 15:08:46 EST
416,"Bensalem, Pennsylvania",62595,NaN%,Jan - Mar 2025,2025-12-16 15:08:46 EST
417,"Bentonville, Arkansas",59465,-66.67%,Jan - Oct 2025,2025-12-16 15:08:46 EST
418,"Berkeley, California",116595,-83.33%,Jan - Oct 2025,2025-12-16 15:08:46 EST
419,"Bloomington, Minnesota",86793,0.00%,Jan - Oct 2025,2025-12-16 15:08:46 EST
420,"Bolingbrook, Illinois",74138,0.00%,Jan - Oct 2025,2025-12-16 15:08:46 EST
421,"Bowie, Maryland",56678,NaN%,Jan - Oct 2025,2025-12-16 15:08:46 EST
422,"Bozeman, Montana",57424,NaN%,Jan - Oct 2025,2025-12-16 15:08:46 EST
423,"Brooklyn Park, Minnesota",81920,-66.67%,Jan - Oct 2025,2025-12-16 15:08:46 EST
424,"Burleson, Texas",56307,NaN%,Jan - Oct 2025,2025-12-16 15:08:46 EST
425,"Burlington, Vermont",44522,0.00%,Jan - Oct 2025,2025-12-16 15:08:46 EST
426,"Caldwell, Idaho",68731,0.00%,Jan - Aug 2025,2025-12-16 15:08:46 EST
427,"Camarillo, California",70010,0.00%,Jan - Oct 2025,2025-12-16 15:08:46 EST
428,"Cambridge, Massachusetts",118960,NaN%,Jan - Oct 2025,2025-12-16 15:08:46 EST
429,"Cameron County, Texas",95894,-66.67%,Jan - Oct 2025,2025-12-16 15:08:46 EST
430,"Carrollton, Texas",134261,0.00%,Jan - Oct 2025,2025-12-16 15:08:46 EST
431,"Cary, North Carolina",182878,NaN%,Jan - Oct 2025,2025-12-16 15:08:46 EST
432,"Cedar Park, Texas",77464,-66.67%,Jan - Oct 2025,2025-12-16 15:08:46 EST
433,"Centennial, Colorado",104724,NaN%,Jan - Oct 2025,2025-12-16 15:08:46 EST
434,"Chico, California",100896,-50.00%,Jan - Oct 2025,2025-12-16 15:08:46 EST
435,"Chino, California",94162,-66.67%,Jan - Oct 2025,2025-12-16 15:08:46 EST
436,"Clinton Township, Michigan",99012,-66.67%,Jan - Oct 2025,2025-12-16 15:08:46 EST
437,"Coeur D Alene, Idaho",57653,NaN%,Jan - Oct 2025,2025-12-16 15:08:46 EST
438,"College Station, Texas",126136,-66.67%,Jan - Oct 2025,2025-12-16 15:08:46 EST
439,"Concord, California",121331,-50.00%,Jan - Oct 2025,2025-12-16 15:08:46 EST
440,"Conroe, Texas",106904,0.00%,Jan - Oct 2025,2025-12-16 15:08:46 EST
441,"Cranston, Rhode Island",82484,0.00%,Jan - Oct 2025,2025-12-16 15:08:46 EST
442,"Cuyahoga Falls, Ohio",50459,0.00%,Jan - Oct 2025,2025-12-16 15:08:46 EST
443,"Danbury, Connecticut",87327,NaN%,Jan - Oct 2025,2025-12-16 15:08:46 EST
444,"Delaware County, Ohio",104939,-50.00%,Jan - Oct 2025,2025-12-16 15:08:46 EST
445,"Desoto, Texas",56257,0.00%,Jan - Oct 2025,2025-12-16 15:08:46 EST
446,"Douglas County, Nebraska",94490,NaN%,Jan - Oct 2025,2025-12-16 15:08:46 EST
447,"Edina, Minnesota",51980,NaN%,Jan - Oct 2025,2025-12-16 15:08:46 EST
448,"Elizabeth, New Jersey",133578,-75.00%,Jan - Oct 2025,2025-12-16 15:08:46 EST
449,"Elyria, Ohio",53024,-50.00%,Jan - Oct 2025,2025-12-16 15:08:46 EST
450,"Euclid, Ohio",48170,-80.00%,Jan - Oct 2025,2025-12-16 15:08:46 EST
451,"Euless, Texas",59722,0.00%,Jan - Oct 2025,2025-12-16 15:08:46 EST
452,"Gardena, California",57853,-66.67%,Jan - Oct 2025,2025-12-16 15:08:46 EST
453,"Glendale, California",185923,-66.67%,Jan - Oct 2025,2025-12-16 15:08:46 EST
454,"Great Falls, Montana",60358,NaN%,Jan - Oct 2025,2025-12-16 15:08:46 EST
455,"Hamilton County, Tennessee",124372,-50.00%,Jan - Oct 2025,2025-12-16 15:08:46 EST
456,"Hamilton, Ohio",62705,0.00%,Jan - Sep 2025,2025-12-16 15:08:46 EST
457,"Harlingen, Texas",71581,0.00%,Jan - Oct 2025,2025-12-16 15:08:46 EST
458,"Hendersonville, Tennessee",63291,-50.00%,Jan - Oct 2025,2025-12-16 15:08:46 EST
459,"Hoboken, New Jersey",56832,0.00%,Jan - Oct 2025,2025-12-16 15:08:46 EST
460,"Huntersville, North Carolina",63781,0.00%,Jan - Oct 2025,2025-12-16 15:08:46 EST
461,"Jeffersonville, Indiana",51780,NaN%,Jan - Mar 2025,2025-12-16 15:08:46 EST
462,"Johnson City, Tennessee",73225,-75.00%,Jan - Oct 2025,2025-12-16 15:08:46 EST
463,"Joplin, Missouri",52881,NaN%,Jan - Oct 2025,2025-12-16 15:08:46 EST
464,"Kenosha, Wisconsin",97786,-66.67%,Jan - Oct 2025,2025-12-16 15:08:46 EST
465,"La Crosse, Wisconsin",50759,0.00%,Jan - Oct 2025,2025-12-16 15:08:46 EST
466,"Livingston County, Michigan",129813,NaN%,Jan - Oct 2025,2025-12-16 15:08:46 EST
467,"Logan, Utah",55645,NaN%,Jan - Oct 2025,2025-12-16 15:08:46 EST
468,"Lorain, Ohio",65436,-50.00%,Jan - Oct 2025,2025-12-16 15:08:46 EST
469,"Loveland, Colorado",78656,0.00%,Jan - Oct 2025,2025-12-16 15:08:46 EST
470,"Lowell, Massachusetts",113124,-75.00%,Jan - Sep 2025,2025-12-16 15:08:46 EST
471,"Lower Paxton, Pennsylvania",55204,NaN%,Jan - Oct 2025,2025-12-16 15:08:46 EST
472,"Manchester, Connecticut",59408,0.00%,Jan - Sep 2025,2025-12-16 15:08:46 EST
473,"Mansfield, Texas",78788,-50.00%,Jan - Oct 2025,2025-12-16 15:08:46 EST
474,"Manteca, California",88518,0.00%,Jan - Oct 2025,2025-12-16 15:08:46 EST
475,"Marietta, Georgia",63407,-50.00%,Jan - Aug 2025,2025-12-16 15:08:46 EST
476,"Miami Beach, Florida",78824,-66.67%,Jan - Oct 2025,2025-12-16 15:08:46 EST
477,"Milford, Connecticut",53011,0.00%,Jan - Sep 2025,2025-12-16 15:08:46 EST
478,"Millcreek, Pennsylvania",53119,NaN%,Jan - Oct 2025,2025-12-16 15:08:46 EST
479,"Mission, Texas",87031,-75.00%,Jan - Oct 2025,2025-12-16 15:08:46 EST
480,"Mountain View, California",80382,NaN%,Jan - Oct 2025,2025-12-16 15:08:46 EST
481,"Nampa, Idaho",116116,-50.00%,Jan - Aug 2025,2025-12-16 15:08:46 EST
482,"New Braunfels, Texas",111942,-50.00%,Jan - Oct 2025,2025-12-16 15:08:46 EST
483,"O'Fallon, Missouri",94702,NaN%,Jan - Sep 2025,2025-12-16 15:08:46 EST
484,"Oshkosh, Wisconsin",65548,-75.00%,Jan - Oct 2025,2025-12-16 15:08:46 EST
485,"Palatine, Illinois",64407,NaN%,Jan - Oct 2025,2025-12-16 15:08:46 EST
486,"Parker, Colorado",62431,-50.00%,Jan - Oct 2025,2025-12-16 15:08:46 EST
487,"Parma, Ohio",78913,NaN%,Jan - Aug 2025,2025-12-16 15:08:46 EST
488,"Pasadena, California",132210,NaN%,Jan - Oct 2025,2025-12-16 15:08:46 EST
489,"Placer County, California",125007,-66.67%,Jan - Oct 2025,2025-12-16 15:08:46 EST
490,"Provo, Utah",112743,NaN%,Jan - Sep 2025,2025-12-16 15:08:46 EST
491,"Redwood City, California",78765,0.00%,Jan - Oct 2025,2025-12-16 15:08:46 EST
492,"Rochester Hills, Michigan",75845,0.00%,Jan - Oct 2025,2025-12-16 15:08:46 EST
493,"Roswell, Georgia",93241,0.00%,Jan - Oct 2025,2025-12-16 15:08:46 EST
494,"Rowlett, Texas",66671,NaN%,Jan - Oct 2025,2025-12-16 15:08:46 EST
495,"Santa Cruz County, California",128246,-66.67%,Jan - Oct 2025,2025-12-16 15:08:46 EST
496,"Saratoga County, New York",183036,-50.00%,Jan - Sep 2025,2025-12-16 15:08:46 EST
497,"Schaumburg, Illinois",75140,NaN%,Jan - Oct 2025,2025-12-16 15:08:46 EST
498,"Scranton, Pennsylvania",75687,-83.33%,Jan - Oct 2025,2025-12-16 15:08:46 EST
499,"Simi Valley, California",123443,-66.67%,Jan - Oct 2025,2025-12-16 15:08:46 EST
500,"Sioux City, Iowa",85365,-66.67%,Jan - Oct 2025,2025-12-16 15:08:46 EST
501,"Spokane Valley, Washington",109278,0.00%,Jan - Oct 2025,2025-12-16 15:08:46 EST
502,"St Charles County, Missouri",119176,0.00%,Jan - Oct 2025,2025-12-16 15:08:46 EST
503,"St Joseph County, Indiana",109381,NaN%,Jan - Mar 2025,2025-12-16 15:08:46 EST
504,"St Joseph, Missouri",69925,-50.00%,Jan - Oct 2025,2025-12-16 15:08:46 EST
505,"St. Clair Shores, Michigan",57257,NaN%,Jan - Oct 2025,2025-12-16 15:08:46 EST
506,"Stark County, Ohio",117590,-66.67%,Jan - Oct 2025,2025-12-16 15:08:46 EST
507,"Sterling Heights, Michigan",131801,0.00%,Jan - Oct 2025,2025-12-16 15:08:46 EST
508,"Sugar Land, Texas",108718,0.00%,Jan - Oct 2025,2025-12-16 15:08:46 EST
509,"Sunnyvale, California",152031,0.00%,Jan - Oct 2025,2025-12-16 15:08:46 EST
510,"Tracy, California",99347,-66.67%,Jan - Oct 2025,2025-12-16 15:08:46 EST
511,"Troy, Michigan",87265,NaN%,Jan - Oct 2025,2025-12-16 15:08:46 EST
512,"Union County, North Carolina",170556,-50.00%,Jan - Jun 2025,2025-12-16 15:08:46 EST
513,"Vacaville, California",101975,0.00%,Jan - Sep 2025,2025-12-16 15:08:46 EST
514,"Ventura, California",109035,-50.00%,Jan - Oct 2025,2025-12-16 15:08:46 EST
515,"Warren County, Ohio",102918,-50.00%,Jan - Oct 2025,2025-12-16 15:08:46 EST
516,"Washington County, Maryland",104179,0.00%,Jan - Oct 2025,2025-12-16 15:08:46 EST
517,"West Allis, Wisconsin",58505,NaN%,Jan - Oct 2025,2025-12-16 15:08:46 EST
518,"Wyoming, Michigan",76712,-66.67%,Jan - Oct 2025,2025-12-16 15:08:46 EST
519,"Alameda, California",75061,-100.00%,Jan - Oct 2025,2025-12-16 15:08:46 EST
520,"Alexandria, Virginia",153897,-100.00%,Jan - Oct 2025,2025-12-16 15:08:46 EST
521,"Aliso Viejo, California",50736,0.00%,Jan - Oct 2025,2025-12-16 15:08:46 EST
522,"Alpharetta, Georgia",68139,-100.00%,Jan - Oct 2025,2025-12-16 15:08:46 EST
523,"Anderson, Indiana",55275,-100.00%,Jan - Sep 2025,2025-12-16 15:08:46 EST
524,"Ankeny, Iowa",74233,0.00%,Jan - Oct 2025,2025-12-16 15:08:46 EST
525,"Appleton, Wisconsin",73921,-100.00%,Jan - Oct 2025,2025-12-16 15:08:46 EST
526,"Arlington Heights, Illinois",74094,0.00%,Jan - Oct 2025,2025-12-16 15:08:46 EST
527,"Bartlett, Tennessee",56324,0.00%,Jan - Sep 2025,2025-12-16 15:08:46 EST
528,"Bethlehem, Pennsylvania",78606,-100.00%,Jan - Oct 2025,2025-12-16 15:08:46 EST
529,"Bismarck, North Dakota",74802,-100.00%,Jan - Oct 2025,2025-12-16 15:08:46 EST
530,"Blaine, Minnesota",72384,-100.00%,Jan - Oct 2025,2025-12-16 15:08:46 EST
531,"Bloomfield, New Jersey",53181,0.00%,Jan - Oct 2025,2025-12-16 15:08:46 EST
532,"Blue Springs, Missouri",59896,-100.00%,Jan - Oct 2025,2025-12-16 15:08:46 EST
533,"Boone County, Kentucky",107867,-100.00%,Jan - Oct 2025,2025-12-16 15:08:46 EST
534,"Brentwood, California",66976,0.00%,Jan - Oct 2025,2025-12-16 15:08:46 EST
535,"Bristol, Connecticut",61609,-100.00%,Jan - Oct 2025,2025-12-16 15:08:46 EST
536,"Brookline, Massachusetts",62639,0.00%,Jan - Feb 2025,2025-12-16 15:08:46 EST
537,"Broomfield, Colorado",77072,-100.00%,Jan - Oct 2025,2025-12-16 15:08:46 EST
538,"Buckeye, Arizona",112048,-100.00%,Jan - Oct 2025,2025-12-16 15:08:46 EST
539,"Buena Park, California",81753,0.00%,Jan - Oct 2025,2025-12-16 15:08:46 EST
540,"Burbank, California",102345,-100.00%,Jan - Oct 2025,2025-12-16 15:08:46 EST
541,"Canton, Ohio",69164,-100.00%,Jan - Sep 2025,2025-12-16 15:08:46 EST
542,"Carmel, Indiana",103013,0.00%,Jan - Oct 2025,2025-12-16 15:08:46 EST
543,"Casa Grande, Arizona",63228,-100.00%,Jan - Oct 2025,2025-12-16 15:08:46 EST
544,"Castle Rock, Colorado",83546,0.00%,Jan - Oct 2025,2025-12-16 15:08:46 EST
545,"Chapel Hill, North Carolina",65066,-100.00%,Jan - Oct 2025,2025-12-16 15:08:46 EST
546,"Cherry Hill Township, New Jersey",78082,0.00%,Jan - Oct 2025,2025-12-16 15:08:46 EST
547,"Cicero, Illinois",80455,-100.00%,Jan - Oct 2025,2025-12-16 15:08:46 EST
548,"Clifton, New Jersey",88361,-100.00%,Jan - Oct 2025,2025-12-16 15:08:46 EST
549,"Collierville, Tennessee",51686,0.00%,Jan - Sep 2025,2025-12-16 15:08:46 EST
550,"Colonie Town, New York",80724,0.00%,Jan - Oct 2025,2025-12-16 15:08:46 EST
551,"Comal County, Texas",94653,-100.00%,Jan - Oct 2025,2025-12-16 15:08:46 EST
552,"Coon Rapids, Minnesota",62391,-100.00%,Jan - Oct 2025,2025-12-16 15:08:46 EST
553,"Corvallis, Oregon",61474,-100.00%,Jan - Aug 2025,2025-12-16 15:08:46 EST
554,"Daly City, California",97774,-100.00%,Jan - Oct 2025,2025-12-16 15:08:46 EST
555,"Davis, California",67193,-100.00%,Jan - Oct 2025,2025-12-16 15:08:46 EST
556,"Des Plaines, Illinois",57672,0.00%,Jan - Oct 2025,2025-12-16 15:08:46 EST
557,"Draper, Utah",50588,-100.00%,Jan - Oct 2025,2025-12-16 15:08:46 EST
558,"Dublin, Ohio",48827,0.00%,Jan - Oct 2025,2025-12-16 15:08:46 EST
559,"Dubuque, Iowa",58492,-100.00%,Jan - Oct 2025,2025-12-16 15:08:46 EST
560,"Dunwoody, Georgia",52505,-100.00%,Jan - Oct 2025,2025-12-16 15:08:46 EST
561,"Eagan, Minnesota",66943,0.00%,Jan - Oct 2025,2025-12-16 15:08:46 EST
562,"East Hartford, Connecticut",50625,-100.00%,Jan - Oct 2025,2025-12-16 15:08:46 EST
563,"Eden Prairie, Minnesota",61645,-100.00%,Jan - Oct 2025,2025-12-16 15:08:46 EST
564,"Edinburg, Texas",106137,-100.00%,Jan - Oct 2025,2025-12-16 15:08:46 EST
565,"Evanston, Illinois",74413,0.00%,Jan - Sep 2025,2025-12-16 15:08:46 EST
566,"Everett, Massachusetts",49740,0.00%,Jan - Oct 2025,2025-12-16 15:08:46 EST
567,"Fairfield, Connecticut",63588,0.00%,Jan - Oct 2025,2025-12-16 15:08:46 EST
568,"Farmington Hills, Michigan",82223,-100.00%,Jan - Oct 2025,2025-12-16 15:08:46 EST
569,"Fishers, Indiana",103247,-100.00%,Jan - Oct 2025,2025-12-16 15:08:46 EST
570,"Flagstaff, Arizona",75343,-100.00%,Jan - Feb 2025,2025-12-16 15:08:46 EST
571,"Flower Mound, Texas",79513,0.00%,Jan - Oct 2025,2025-12-16 15:08:46 EST
572,"Fountain Valley, California",55419,0.00%,Jan - Oct 2025,2025-12-16 15:08:46 EST
573,"Framingham, Massachusetts",70624,0.00%,Jan - Jun 2025,2025-12-16 15:08:46 EST
574,"Fremont, California",220775,0.00%,Jan - Jan 2025,2025-12-16 15:08:46 EST
575,"Fullerton, California",139131,-100.00%,Jan - Oct 2025,2025-12-16 15:08:46 EST
576,"Gilroy, California",57331,0.00%,Jan - Oct 2025,2025-12-16 15:08:46 EST
577,"Grand Forks, North Dakota",58470,-100.00%,Jan - Oct 2025,2025-12-16 15:08:46 EST
578,"Grand Island, Nebraska",52264,0.00%,Jan - Oct 2025,2025-12-16 15:08:46 EST
579,"Grand Junction, Colorado",69240,-100.00%,Jan - Oct 2025,2025-12-16 15:08:46 EST
580,"Grapevine, Texas",51458,-100.00%,Jan - Oct 2025,2025-12-16 15:08:46 EST
581,"Green Township, Ohio",59277,-100.00%,Jan - Oct 2025,2025-12-16 15:08:46 EST
582,"Greenwich, Connecticut",63777,0.00%,Jan - Sep 2025,2025-12-16 15:08:46 EST
583,"Hamden, Connecticut",60691,-100.00%,Jan - Sep 2025,2025-12-16 15:08:46 EST
584,"Hanover County, Virginia",106595,-100.00%,Jan - Oct 2025,2025-12-16 15:08:46 EST
585,"Harrisonburg, Virginia",50928,0.00%,Jan - Oct 2025,2025-12-16 15:08:46 EST
586,"Haverford, Pennsylvania",50505,0.00%,Jan - Jun 2025,2025-12-16 15:08:46 EST
587,"Haverhill, Massachusetts",67133,0.00%,Jan - Oct 2025,2025-12-16 15:08:46 EST
588,"Hays County, Texas",130433,0.00%,Jan - Oct 2025,2025-12-16 15:08:46 EST
589,"Hempstead Village, New York",58071,-100.00%,Jan - Sep 2025,2025-12-16 15:08:46 EST
590,"Idaho Falls, Idaho",68662,-100.00%,Jan - Sep 2025,2025-12-16 15:08:46 EST
591,"Iredell County, North Carolina",111895,-100.00%,Jan - Oct 2025,2025-12-16 15:08:46 EST
592,"Irvine, California",316132,-100.00%,Jan - Oct 2025,2025-12-16 15:08:46 EST
593,"Jefferson County, Colorado",194994,-100.00%,Jan - Oct 2025,2025-12-16 15:08:46 EST
594,"Kentwood, Michigan",53979,-100.00%,Jan - Feb 2025,2025-12-16 15:08:46 EST
595,"Kettering, Ohio",56633,0.00%,Jan - Oct 2025,2025-12-16 15:08:46 EST
596,"Kingsport, Tennessee",56522,-100.00%,Jan - Oct 2025,2025-12-16 15:08:46 EST
597,"Kyle, Texas",63931,-100.00%,Jan - Oct 2025,2025-12-16 15:08:46 EST
598,"Laguna Niguel, California",63502,0.00%,Jan - Sep 2025,2025-12-16 15:08:46 EST
599,"Lake Havasu City, Arizona",59720,0.00%,Jan - Oct 2025,2025-12-16 15:08:46 EST
600,"Lakeville, Minnesota",76929,-100.00%,Jan - Oct 2025,2025-12-16 15:08:46 EST
601,"Lakewood, Ohio",49304,0.00%,Jan - Aug 2025,2025-12-16 15:08:46 EST
602,"Lancaster, Pennsylvania",57213,-100.00%,Jan - Oct 2025,2025-12-16 15:08:46 EST
603,"Layton, Utah",82887,-100.00%,Jan - Oct 2025,2025-12-16 15:08:46 EST
604,"Lincoln, California",53950,0.00%,Jan - Oct 2025,2025-12-16 15:08:46 EST
605,"Livermore, California",83155,-100.00%,Jan - Oct 2025,2025-12-16 15:08:46 EST
606,"Livonia, Michigan",93042,0.00%,Jan - Oct 2025,2025-12-16 15:08:46 EST
607,"Longmont, Colorado",98444,-100.00%,Jan - Feb 2025,2025-12-16 15:08:46 EST
608,"Lower Merion, Pennsylvania",64350,-100.00%,Jan - Oct 2025,2025-12-16 15:08:46 EST
609,"Macomb County, Michigan",191695,-100.00%,Jan - Oct 2025,2025-12-16 15:08:46 EST
610,"Malden, Massachusetts",64291,0.00%,Jan - Oct 2025,2025-12-16 15:08:46 EST
611,"Maple Grove, Minnesota",70729,0.00%,Jan - Oct 2025,2025-12-16 15:08:46 EST
612,"Marana, Arizona",57718,-100.00%,Jan - Sep 2025,2025-12-16 15:08:46 EST
613,"Maricopa, Arizona",70355,0.00%,Jan - Sep 2025,2025-12-16 15:08:46 EST
614,"McAllen, Texas",145684,-100.00%,Jan - Oct 2025,2025-12-16 15:08:46 EST
615,"Medford, Massachusetts",68280,0.00%,Jan - Oct 2025,2025-12-16 15:08:46 EST
616,"Meriden, Connecticut",60054,-100.00%,Jan - Sep 2025,2025-12-16 15:08:46 EST
617,"Meridian, Idaho",135239,-100.00%,Jan - Oct 2025,2025-12-16 15:08:46 EST
618,"Methuen, Massachusetts",53558,0.00%,Jan - Oct 2025,2025-12-16 15:08:46 EST
619,"Middletown, Ohio",51328,0.00%,Jan - Jul 2025,2025-12-16 15:08:46 EST
620,"Milpitas, California",76573,0.00%,Jan - Oct 2025,2025-12-16 15:08:46 EST
621,"Minnetonka, Minnesota",51791,0.00%,Jan - Oct 2025,2025-12-16 15:08:46 EST
622,"Missoula, Montana",78269,-100.00%,Jan - Sep 2025,2025-12-16 15:08:46 EST
623,"Monterey Park, California",57419,-100.00%,Jan - Oct 2025,2025-12-16 15:08:46 EST
624,"Moore, Oklahoma",63311,-100.00%,Jan - Oct 2025,2025-12-16 15:08:46 EST
625,"Mooresville, North Carolina",53767,-100.00%,Jan - Oct 2025,2025-12-16 15:08:46 EST
626,"Mount Pleasant, South Carolina",96320,0.00%,Jan - Oct 2025,2025-12-16 15:08:46 EST
627,"Mount Prospect, Illinois",53932,0.00%,Jan - Oct 2025,2025-12-16 15:08:46 EST
628,"Mount Vernon, New York",70812,-100.00%,Jan - Oct 2025,2025-12-16 15:08:46 EST
629,"Murrieta, California",115037,-100.00%,Jan - Oct 2025,2025-12-16 15:08:46 EST
630,"Nashua, New Hampshire",91145,0.00%,Jan - Jan 2025,2025-12-16 15:08:46 EST
631,"Newark, Ohio",51147,-100.00%,Jan - Oct 2025,2025-12-16 15:08:46 EST
632,"Newport Beach, California",83392,-100.00%,Jan - Oct 2025,2025-12-16 15:08:46 EST
633,"Newton, Massachusetts",86996,0.00%,Jan - Jun 2025,2025-12-16 15:08:46 EST
634,"Noblesville, Indiana",74211,0.00%,Jan - Oct 2025,2025-12-16 15:08:46 EST
635,"Normal, Illinois",52883,-100.00%,Jan - Aug 2025,2025-12-16 15:08:46 EST
636,"North Bergen Township, New Jersey",59147,-100.00%,Jan - Oct 2025,2025-12-16 15:08:46 EST
637,"Norwalk, Connecticut",91639,0.00%,Jan - Oct 2025,2025-12-16 15:08:46 EST
638,"Novato, California",51733,0.00%,Jan - Sep 2025,2025-12-16 15:08:46 EST
639,"Novi, Michigan",66482,-100.00%,Jan - Oct 2025,2025-12-16 15:08:46 EST
640,"Oak Lawn, Illinois",55368,-100.00%,Jan - Oct 2025,2025-12-16 15:08:46 EST
641,"Orem, Utah",94682,-100.00%,Jan - Oct 2025,2025-12-16 15:08:46 EST
642,"Palo Alto, California",64855,-100.00%,Jan - Oct 2025,2025-12-16 15:08:46 EST
643,"Peabody, Massachusetts",53841,0.00%,Jan - Jan 2025,2025-12-16 15:08:46 EST
644,"Petaluma, California",58099,0.00%,Jan - Oct 2025,2025-12-16 15:08:46 EST
645,"Pinal County, Arizona",229832,-100.00%,Jan - Oct 2025,2025-12-16 15:08:46 EST
646,"Pittsfield, Massachusetts",43078,-100.00%,Jan - Sep 2025,2025-12-16 15:08:46 EST
647,"Plymouth, Minnesota",77576,0.00%,Jan - Oct 2025,2025-12-16 15:08:46 EST
648,"Pocatello, Idaho",58390,0.00%,Jan - Oct 2025,2025-12-16 15:08:46 EST
649,"Porterville, California",63165,0.00%,Jan - Oct 2025,2025-12-16 15:08:46 EST
650,"Prescott Valley, Arizona",50166,-100.00%,Jan - Oct 2025,2025-12-16 15:08:46 EST
651,"Pueblo, Colorado",111240,-100.00%,Jan - Feb 2025,2025-12-16 15:08:46 EST
652,"Quincy, Massachusetts",102465,0.00%,Jan - Oct 2025,2025-12-16 15:08:46 EST
653,"Redlands, California",74147,-100.00%,Jan - Oct 2025,2025-12-16 15:08:46 EST
654,"Redmond, Washington",78496,0.00%,Jan - Oct 2025,2025-12-16 15:08:46 EST
655,"Redondo Beach, California",67742,-100.00%,Jan - Oct 2025,2025-12-16 15:08:46 EST
656,"Revere, Massachusetts",57132,0.00%,Jan - Oct 2025,2025-12-16 15:08:46 EST
657,"Richland, Washington",63816,0.00%,Jan - Oct 2025,2025-12-16 15:08:46 EST
658,"Rocklin, California",74876,-100.00%,Jan - Oct 2025,2025-12-16 15:08:46 EST
659,"Rockwall, Texas",53433,-100.00%,Jan - Oct 2025,2025-12-16 15:08:46 EST
660,"San Mateo, California",98883,-100.00%,Jan - Oct 2025,2025-12-16 15:08:46 EST
661,"San Rafael, California",59400,-100.00%,Jan - Oct 2025,2025-12-16 15:08:46 EST
662,"Sandy, Utah",91132,-100.00%,Jan - Sep 2025,2025-12-16 15:08:46 EST
663,"Santa Clara, California",126452,-100.00%,Jan - Oct 2025,2025-12-16 15:08:46 EST
664,"Santa Cruz, California",61754,-100.00%,Jan - Oct 2025,2025-12-16 15:08:46 EST
665,"Saratoga Springs, Utah",56039,-100.00%,Jan - Sep 2025,2025-12-16 15:08:46 EST
666,"Sarpy County, Nebraska",98019,-100.00%,Jan - Oct 2025,2025-12-16 15:08:46 EST
667,"Shawnee, Kansas",70098,0.00%,Jan - Oct 2025,2025-12-16 15:08:46 EST
668,"Skokie, Illinois",64417,0.00%,Jan - Oct 2025,2025-12-16 15:08:46 EST
669,"Smyrna, Tennessee",58096,-100.00%,Jan - Oct 2025,2025-12-16 15:08:46 EST
670,"Somerville, Massachusetts",79513,0.00%,Jan - Oct 2025,2025-12-16 15:08:46 EST
671,"South Jordan, Utah",86444,0.00%,Jan - Oct 2025,2025-12-16 15:08:46 EST
672,"South San Francisco, California",62205,0.00%,Jan - Oct 2025,2025-12-16 15:08:46 EST
673,"St Peters, Missouri",58937,-100.00%,Jan - Oct 2025,2025-12-16 15:08:46 EST
674,"Stamford, Connecticut",136512,0.00%,Jan - Sep 2025,2025-12-16 15:08:46 EST
675,"State College, Pennsylvania",58532,0.00%,Jan - Oct 2025,2025-12-16 15:08:46 EST
676,"Stratford, Connecticut",52596,0.00%,Jan - Oct 2025,2025-12-16 15:08:46 EST
677,"Taunton, Massachusetts",60356,-100.00%,Jan - Oct 2025,2025-12-16 15:08:46 EST
678,"Temple, Texas",93073,0.00%,Jan - Jan 2025,2025-12-16 15:08:46 EST
679,"Tigard, Oregon",56142,0.00%,Jan - Oct 2025,2025-12-16 15:08:46 EST
680,"Tinley Park, Illinois",53528,-100.00%,Jan - Oct 2025,2025-12-16 15:08:46 EST
681,"Twin Falls, Idaho",55447,-100.00%,Jan - Oct 2025,2025-12-16 15:08:46 EST
682,"Wake Forest, North Carolina",52609,-100.00%,Jan - Aug 2025,2025-12-16 15:08:46 EST
683,"Waltham, Massachusetts",63797,-100.00%,Jan - Oct 2025,2025-12-16 15:08:46 EST
684,"Warwick, Rhode Island",83369,-100.00%,Jan - Oct 2025,2025-12-16 15:08:46 EST
685,"Washington County, Oregon",239309,-100.00%,Jan - Oct 2025,2025-12-16 15:08:46 EST
686,"Washtenaw County, Michigan",161396,-100.00%,Jan - Oct 2025,2025-12-16 15:08:46 EST
687,"Waukesha, Wisconsin",70095,-100.00%,Jan - Oct 2025,2025-12-16 15:08:46 EST
688,"Wayne Township, New Jersey",52317,0.00%,Jan - Oct 2025,2025-12-16 15:08:46 EST
689,"West Bloomfield Township, Michigan",64904,0.00%,Jan - Oct 2025,2025-12-16 15:08:46 EST
690,"West Chester Township, Ohio",62860,0.00%,Jan - Oct 2025,2025-12-16 15:08:46 EST
691,"West Des Moines, Iowa",71674,0.00%,Jan - Oct 2025,2025-12-16 15:08:46 EST
692,"West Hartford, Connecticut",64423,0.00%,Jan - Oct 2025,2025-12-16 15:08:46 EST
693,"West Haven, Connecticut",54791,-100.00%,Jan - Oct 2025,2025-12-16 15:08:46 EST
694,"West New York, New Jersey",51884,0.00%,Jan - Oct 2025,2025-12-16 15:08:46 EST
695,"Westfield, Indiana",58858,0.00%,Jan - Oct 2025,2025-12-16 15:08:46 EST
696,"Weymouth, Massachusetts",57725,0.00%,Jan - Oct 2025,2025-12-16 15:08:46 EST
697,"Will County, Illinois",104475,-100.00%,Jan - Oct 2025,2025-12-16 15:08:46 EST
698,"Woodbury, Minnesota",80153,-100.00%,Jan - Oct 2025,2025-12-16 15:08:46 EST
699,"Wright County, Minnesota",129359,0.00%,Jan - Oct 2025,2025-12-16 15:08:46 EST
700,"Wylie, Texas",62539,-100.00%,Jan - Sep 2025,2025-12-16 15:08:46 EST
701,"Yavapai County, Arizona",97526,-100.00%,Jan - Oct 2025,2025-12-16 15:08:46 EST
702,"Yorba Linda, California",66477,0.00%,Jan - Oct 2025,2025-12-16 15:08:46 EST
